actual_QE(%),predicted_QE(%),actual_photon_energy(eV),predicted_photon_energy(eV)
85.11285,87.5275553396469,1.530836,1.5133683693788946
95.52469,91.24862381453931,1.797068,1.8871544904837703
83.1324,88.45156249885422,1.512167,1.4653694869653189
95.7187,83.14196002845341,1.999963,2.2511298846749366
61.38409,73.74806530143904,3.542791,3.300134617024955
95.77905,93.29506199699333,1.675645,1.6911878159257512
94.43092,84.99258244767412,2.695602,2.7924181048951984
21.03197,73.51441949465655,3.874928,3.432669104995207
95.78665,81.7027898298706,1.999963,2.2556409103974833
94.8736,80.61366680652014,2.530565,2.7142598788077614
54.00545,72.35491149239958,3.542791,3.342182138115409
94.62623,85.40901731980077,2.583285,2.7076816893090383
16.79622,70.42130037668322,3.999926,3.537089697327666
94.67363,87.5613174774389,1.907657,2.0824463822940142
95.19864,88.10233198585436,2.479954,2.6348456037121744
84.68152,94.8425415624723,1.377752,1.104391087161075
93.45193,100.717038921204,1.61036,1.4793532952525692
95.03404,89.08407936421068,1.878753,2.014938353278562
93.98854,91.97525725207183,1.631549,1.6252681960450825
94.86511,87.32462443050544,1.937464,2.121866239213332
22.25679,71.02742286369997,3.999926,3.516799216599031
94.34252,94.93653322027811,1.569591,1.4801696714918435
91.14482,69.86032844575539,3.351289,3.2848789410861006
16.56403,77.95753829698653,3.999926,3.4057311122454323
94.06056,81.53553547220956,2.952326,2.981488695194545
96.71135,91.89756515701919,2.254504,2.3842283944446088
94.4889,70.80203047398376,3.099943,3.196703532566731
94.57109,94.5866473962231,1.999963,2.0836428714729314
94.88996,82.20609521897731,2.755504,2.822979043941171
90.47633,79.50962131893452,1.797068,2.0376984522597232
94.18893,85.38730996436911,1.823496,1.993906286005473
94.89303,76.38281697200323,2.479954,2.7727453256952255
94.025,97.17353277751903,1.771396,1.7683996632273087
81.98266,69.85908350773106,3.444381,3.326437955140161
90.55361,94.03650316983192,1.393233,1.149736237509713
95.01759,89.97453747888717,1.476163,1.3781358225328864
90.28566,86.2145094189345,1.549971,1.5723815015335
94.48378,85.54575566798599,1.937464,2.131076292319629
93.38123,90.30599747374939,1.458796,1.3473261302322226
93.85856,80.55426034866741,2.695602,2.822453843095873
93.12547,92.69810156198085,1.589714,1.5355806317229448
94.83128,93.93505558904064,1.746446,1.78132670256882
96.2423,79.10095815966714,2.032749,2.330835798332142
20.91133,71.81329713244652,3.874928,3.4763544135419218
92.98988,79.89133123648072,3.099943,3.095593973928476
90.26695,83.6035650389457,1.61036,1.6464435909368733
93.3891,81.54038991654724,2.883667,2.9093640595179076
35.51747,66.8474119877559,3.646991,3.3745594577375493
95.24464,83.3501012406029,2.755504,2.85901551851352
95.54272,92.97155535854715,2.214245,2.3504108651928606
96.72959,91.08929867615609,2.296254,2.4422112811038383
94.07162,82.03354192504258,2.883667,2.9442789150376534
89.44739,82.93166897069388,1.937464,2.109719510645804
63.71709,89.22262870109364,1.441834,1.2453965539621235
94.15151,76.58533949590583,2.384571,2.6787688869710067
85.12167,76.73600382311535,3.351289,3.248882815940563
87.03664,77.3343663868823,3.263097,3.1935204475718733
96.77744,86.75880555872472,2.530565,2.675650848598541
95.58797,88.50456271100323,1.72219,1.8117956843595509
90.7831,85.51541646675115,1.61036,1.6247078753671658
89.35732,78.00551550147027,3.263097,3.1684292462023715
92.72048,90.97759119477936,1.441834,1.3033117974188009
90.24914,77.69719106035899,1.878753,2.0814542133633367
92.70774,94.64795139900757,1.569591,1.4830482881442335
94.17324,89.97129298124014,1.653303,1.6785347902482963
91.16656,101.84419197444572,1.675645,1.5720998947242317
93.88736,72.1770624323181,3.099943,3.13703842928693
93.65058,98.89033996827054,1.61036,1.4895587513029795
88.02139,89.02011599790956,1.476163,1.350102639766597
89.26885,95.04477360714013,1.698599,1.6900567352768168
95.49099,88.55634863957472,1.968217,2.1417991532185483
93.50862,75.38225957871853,3.263097,3.1937902760429115
52.52988,72.078990036914,3.542791,3.3493137969434095
95.85058,85.18357757279708,2.032749,2.2605491696107283
96.25374,87.78759836042491,2.384571,2.542012267914217
86.02242,70.42839958994703,3.351289,3.325237393563336
83.60567,76.84486035113814,3.351289,3.227903258281987
91.60808,84.18208523166084,1.746446,1.846164832314955
93.14194,99.49432446970214,1.631549,1.5448625755645353
94.94274,90.79403056299344,2.214245,2.344923376779393
94.94766,89.52367073064555,2.254504,2.4102644124578196
95.14968,92.61614409800721,1.746446,1.797127686146627
95.47164,89.78270201142585,2.384571,2.5200214260525136
94.33543,89.12191359721031,1.968217,2.136219022464454
94.15112,74.96715291392103,2.431327,2.737808851175411
95.20546,76.90410274725164,3.179428,3.1357732326104184
87.16998,77.5258095523784,3.263097,3.1855089000430574
94.36673,89.14960762886372,1.878753,2.012200738600174
91.96502,75.7536449110842,3.351289,3.248253805085099
94.18427,75.1645739561882,2.479954,2.7231385495693883
92.85354,80.8278444475154,1.850712,2.0671570682619484
13.46095,63.521363535945994,4.133257,3.614283099383355
90.12572,87.83521356567083,1.653303,1.6551083528293993
92.72168,82.11027247715057,1.771396,1.9300391818119644
94.33177,66.24926276781959,3.099943,3.2016870680702016
96.55204,71.67588946009394,3.179428,3.226434813539249
76.17771,96.32959168300167,1.377752,1.051760427681971
95.24956,87.74010430014161,1.878753,2.045555155380884
95.15571,77.35981788487624,2.296254,2.6238244389888674
86.73699,73.07568486502318,3.263097,3.2145877204961857
93.45757,88.53169030804337,2.431327,2.577490598771606
95.02153,84.40188129103782,2.695602,2.8110640977834755
93.52669,90.932937333669,1.937464,2.031045851624704
91.61552,87.73926906820327,1.72219,1.77674036779956
91.02967,93.22525836335066,1.549971,1.4405129417987457
94.04436,89.8943442312956,1.823496,1.9128243468090687
93.70608,82.07843379408351,2.066628,2.306405894328264
90.61064,82.93920281464165,2.101656,2.344474008304467
20.95266,70.6660827131418,3.874928,3.4368634636540154
96.1679,90.3159632706152,2.339579,2.482462534231135
94.13245,76.06600111616387,2.431327,2.675421663970253
94.26231,94.10934076901755,1.72219,1.7382173542406203
93.89294,78.92389421332255,2.296254,2.5338503723246126
88.10168,86.871591000824,1.61036,1.6536828639716972
95.24694,98.91447836707167,1.631549,1.5455744411655294
93.972,78.62619911633662,2.175398,2.4329728258532533
96.44885,86.18102348098179,1.797068,1.957044981405242
81.00688,92.93142777487485,1.549971,1.4053315943145483
95.29412,88.70812229622341,1.937464,2.091810698552366
94.67284,82.81873947618433,2.101656,2.349938132614156
95.5475,95.6194651204646,1.631549,1.5874150531822946
79.72164,93.49079924169865,1.476163,1.3157022719605322
95.13335,79.19271340787567,2.952326,3.0087563500190884
94.85119,71.53162769965017,2.883667,3.0004811452196956
96.05458,88.70340893973099,2.431327,2.5709487532957165
83.9446,94.34513678133504,1.530836,1.3968324042589475
94.92032,86.41895805160107,1.968217,2.1695278737505674
96.68698,87.72699297803833,2.479954,2.619276581801323
95.37351,100.42451695869222,1.675645,1.5996038218414448
95.05563,85.95289561629143,1.999963,2.210013534054229
95.88227,90.59509455739354,1.675645,1.7144549434123584
82.03902,92.54230108290348,1.549971,1.482501828382238
13.68229,69.974670097369,4.133257,3.572272738836859
94.34317,77.12656502619237,2.883667,2.9881355445817928
86.11196,101.4824153804557,1.458796,1.1659650772088943
94.45357,89.08158166728226,1.675645,1.7259305149583568
95.87879,91.79338119742152,2.254504,2.3932851685493723
78.39218,100.02876550142426,1.569591,1.4122391330426116
95.19612,91.54017165910133,1.771396,1.856910231012789
94.81197,93.17036043741825,2.101656,2.2123907252457995
93.81794,90.5406032903758,1.850712,1.9443950038208198
89.39124,104.19304168031212,1.493948,1.2162902819804584
95.71442,88.53063736157496,2.066628,2.247170114666746
70.59219,95.95503744512148,1.425261,1.1755900038279625
89.82606,86.1724424957085,1.549971,1.5741809363241428
95.21617,89.5074284426449,2.384571,2.4990400214730397
95.47221,82.63708251866645,1.937464,2.1731331913402934
52.91814,74.2305149123678,3.542791,3.3377986528030945
85.2247,75.51562829836928,3.444381,3.280388662844212
93.94875,87.22909613849383,2.175398,2.365954273948673
95.82439,87.38593232237436,1.850712,2.016938930545584
94.19281,85.10659841263795,1.549971,1.5998867550860547
96.71178,87.01593167358706,2.530565,2.6649066052020935
87.56392,91.8272479120102,1.425261,1.2583909777718099
94.07216,95.17640063851994,1.377752,1.100394823662231
94.1452,102.51502129219784,1.493948,1.2387427437691463
94.17949,83.37844768719073,2.583285,2.672679587002723
95.33091,76.1870910337857,3.179428,3.092425587098238
88.67169,93.65023545706882,1.589714,1.5161127533747707
86.79826,85.41679047630247,1.549971,1.5435841938509824
95.11933,75.9118284772952,2.530565,2.82281791766869
94.93871,83.50103454632071,2.755504,2.8588266921287264
79.16147,91.87140672133239,1.425261,1.2584176959288924
93.34807,92.80386951606525,1.425261,1.2530907358245125
94.08448,76.47630024480443,2.755504,2.9187768425565763
77.97755,82.99747358130745,1.569591,1.5812569292007541
87.38842,75.92958758534022,3.351289,3.246264747958807
95.43906,94.2895144300723,1.937464,2.0307383106457424
93.66171,77.62985907515183,2.175398,2.4628504935737827
95.97379,92.80890166448171,2.175398,2.3081141820537567
96.59313,79.66577233579098,3.024334,3.053450332186981
17.60686,70.61618784602493,3.999926,3.5266803452174935
95.69489,95.76324685910674,1.850712,1.9149730837620742
82.03448,94.48764255501949,1.458796,1.2683198117298375
93.81784,79.96331576876696,2.583285,2.7522584512915946
94.5205,91.36948824602246,1.771396,1.8544511288303354
94.83661,95.71108974883498,1.675645,1.653320894157635
27.57039,74.38701784702377,3.757506,3.3384420647861957
93.73293,75.44011900471563,2.431327,2.730000060418778
95.3084,79.95442227125268,2.638249,2.7967053175110683
96.07877,96.985317111166,1.999963,2.0698715002087322
93.48172,72.68565741637484,2.583285,2.873716488860753
95.05104,80.04883629855361,2.214245,2.5035288840370904
94.1131,76.78224014694841,2.952326,3.01567575191348
93.40591,83.73591993499726,2.755504,2.8589483920194088
53.87552,66.93590011750996,3.542791,3.377916007832261
94.76235,91.07588061406385,1.458796,1.3262549159922508
95.56324,90.2970023075454,1.850712,1.9653310116988414
93.83725,95.82321738924011,1.675645,1.6391957725117106
95.33497,97.6172310083458,1.746446,1.7434860232306892
95.85881,85.1421974009699,1.797068,1.9555389029444026
93.47102,97.58359240647546,1.631549,1.5443078403391697
94.96254,71.98269972074979,2.755504,3.005146330161823
96.07756,91.2946795577926,1.653303,1.6756063361665057
95.35581,98.13010443133328,1.653303,1.5915796234882098
94.28529,74.42451722201861,2.530565,2.7719909492711787
94.91621,84.06956042694662,2.583285,2.725167918990671
35.45903,78.1699606725345,3.646991,3.2576796082922628
95.2401,109.43890473836768,1.589714,1.354315614315736
86.55934,92.74919343192141,1.458796,1.2437554899346621
92.83516,101.45795560424708,1.530836,1.3403424719569415
14.3401,69.72190129306425,4.133257,3.5774408010827745
94.34363,80.10862799970677,2.066628,2.323611600024473
94.88532,86.7469871977141,2.755504,2.7962043718419656
52.65736,78.96127884023275,3.542791,3.211241950187665
94.71767,90.98737975196202,1.823496,1.920623363962459
94.49617,71.78451660710057,2.755504,3.012050699920365
95.34552,89.62269752581946,1.937464,2.1062559088787984
95.59086,79.06675936846963,2.339579,2.619283918529259
94.97537,83.00360598777762,2.296254,2.538414584852208
93.98762,75.56565311999711,2.81813,2.966448099196719
81.1896,90.86070526787069,1.441834,1.257381608494675
90.18591,83.85656652617256,2.066628,2.2965481237028196
52.33065,79.28730200756213,3.542791,3.2076150950140683
91.69474,91.77906154858893,1.425261,1.2585660172664197
93.54703,94.11653121548721,1.968217,2.0473041033690196
94.83302,92.1363933316081,2.254504,2.38635044466486
95.78857,84.25345346899087,2.695602,2.8091058626426584
94.61753,89.90092274817464,2.384571,2.5242711672311025
96.22329,90.18596269229651,2.339579,2.4828009122576775
35.30693,73.64925420683335,3.646991,3.380460561977306
96.49288,84.042376689585,2.755504,2.841340214330368
94.60092,86.42250437379275,2.530565,2.6710904007963654
90.56577,93.27332556548735,1.746446,1.7851162548091828
94.89671,90.30614054990114,1.653303,1.673980951057221
95.01694,88.28895276822965,2.339579,2.499347940059261
1.751332e-05,95.28214054810125,1.377752,1.1023100496145888
95.87036,92.35732760920713,1.937464,2.0625258503663013
90.52293,70.9464071957662,3.444381,3.321893039385339
94.31321,69.94311576213828,2.883667,3.107799499566996
95.4496,81.96343907965178,2.032749,2.2993542380600247
93.43338,83.04355445980795,2.384571,2.5357209425450624
94.24986,76.76274359675811,3.099943,3.106634835175705
21.6631,67.24252947833591,3.874928,3.4991197859180225
94.74045,92.10127725844191,1.937464,2.0503638204864965
93.41961,97.89043209353234,1.631549,1.5403421951250422
88.48561,103.74199805199595,1.530836,1.297528543117235
94.94834,81.54355127177074,2.755504,2.875126554888581
96.72278,86.40822986037004,2.583285,2.705106674732478
85.42268,79.21327510917537,3.444381,3.2123430328192244
96.70327,82.5602725036971,2.81813,2.902594007001197
95.09855,87.11055439575745,1.937464,2.1328244012727247
94.24998,85.51776006441386,2.101656,2.3086753398239237
95.83476,85.0161905888165,2.638249,2.7678341536744524
90.30818,80.25335645305822,1.850712,2.068858177977276
92.68142,75.82130201860906,3.024334,3.071415097599159
95.03058,85.94756151348957,2.583285,2.7296607799724573
86.66167,97.80337151776553,1.425261,1.1425561058056597
26.0986,72.94350754105858,3.757506,3.42459093394286
91.55632,95.31581361971908,1.569591,1.4511044954017769
80.43436,87.26819561659003,1.530836,1.523375385604388
96.14197,93.11135688892085,1.61036,1.5796355582775665
89.22563,79.2668851474586,1.823496,1.9895738529186444
95.7396,80.46498721947583,2.431327,2.663900193809522
96.65445,82.85599541859288,2.81813,2.8953154543555324
95.2404,92.82368033602425,1.823496,1.91272554443061
95.39729,87.20621437664443,1.530836,1.5220721141051272
96.36064,85.92567969093759,1.797068,1.9579830458291896
88.30416,68.51515574625464,3.263097,3.29047610706231
92.2403,83.74232731542294,1.746446,1.8859534829327573
52.73708,67.75194162662841,3.542791,3.3268880468842563
95.32634,95.61792541002005,1.675645,1.6511849746864768
95.76916,73.25697958928613,2.479954,2.808738281600998
93.4197,72.70555907968648,3.263097,3.227368520505342
96.1888,87.46588461211468,2.479954,2.619201922700036
21.65073,64.85669206597431,3.874928,3.5216437408682912
76.13144,90.19798584328666,1.476163,1.3725115532012517
93.39045,81.67109034293614,2.638249,2.7780999475974517
91.62643,99.70201979304566,1.631549,1.5308095374492035
94.76013,89.18203025307119,1.878753,2.015903207512532
95.3442,97.45876957781508,1.589714,1.4918358933092657
95.25496,86.06545932633263,1.937464,2.1435067160006
93.93849,87.12406249843477,2.214245,2.370821319830695
91.8065,85.77845819173915,1.999963,2.1992606441204483
90.39983,83.03896510983684,1.746446,1.881978913801985
93.45574,82.3076137632497,2.81813,2.8633792107352027
95.93576,83.656140930819,2.137891,2.3858742535814113
96.44832,83.1613369426278,1.907657,2.138843261527811
92.06999,79.26561216943789,2.254504,2.5362171230536203
96.03149,90.79712946974479,1.746446,1.835108587231616
90.44844,91.24709450516204,1.823496,1.8706254249319794
86.2012,76.06200973296173,3.351289,3.2419676005580054
94.36186,96.68242062077462,1.72219,1.7269121985282485
92.34735,94.86191087396807,1.377752,1.107278010200626
93.79667,91.6963513255585,1.441834,1.2860575370215037
93.68537,80.55660466291404,2.214245,2.437066521843419
94.73751,86.71687255507084,2.755504,2.79207716407282
96.54898,79.08088537801635,2.755504,2.89363554834136
53.77408,74.95153977336041,3.542791,3.32083368932945
16.9264,64.90183030988814,3.999926,3.612375326705775
94.34418,80.94887748611362,2.952326,2.9973334350641427
96.46579,76.18401894523933,2.339579,2.6606374876084153
92.07017,94.7351532828716,1.377752,1.1099440305096462
94.38884,89.98575032592667,1.937464,2.091318511489696
93.80438,77.1531264097288,2.066628,2.3312104800608524
86.72805,86.60330702818406,1.549971,1.5613680496636015
61.85303,95.8065611129548,1.425261,1.174343805240204
94.95019,86.52404137628301,2.431327,2.5870729667377317
96.74407,88.66821957153239,2.431327,2.573423233410623
95.61349,84.29882572537875,2.695602,2.811563619442905
95.0049,79.80613176347379,3.099943,3.072961508320096
95.89044,85.15646216315886,1.937464,2.15451807212171
63.61706,95.16970597877383,1.441834,1.226152332235999
93.00042,92.07632849124923,1.907657,2.0004871892067415
27.16443,71.64035862940207,3.874928,3.476321900387645
87.5611,70.85147561388641,3.263097,3.2309195332252574
96.31428,91.0534497866727,2.296254,2.439621499068441
94.32822,96.31976291237446,1.675645,1.6357561001416792
64.28135,95.38428084260279,1.393233,1.1031897027101296
94.88111,80.93933721034023,2.952326,3.0182122621276166
95.23372,96.7074598650917,1.698599,1.6834785603693816
95.23655,96.9511607121507,1.675645,1.6440117339784894
83.74424,99.39717986153215,1.589714,1.4544403655787637
43.30416,71.70150824051561,3.646991,3.3309766697541705
87.56927,69.89341520836399,3.351289,3.320424775681462
27.07091,76.30788396640689,3.874928,3.3951701182250327
94.12425,101.54194319001712,1.530836,1.3284888769707877
16.90089,69.32044461163287,3.999926,3.5018262683139554
95.14687,89.2343548214669,1.771396,1.88527546916999
92.86083,90.24393567063349,1.458796,1.352388624687106
95.82585,91.95066777346753,2.254504,2.3866363897942704
95.56789,94.44613919097081,1.653303,1.6461572741489976
94.86998,84.31816505697833,2.032749,2.2561012668727733
92.43597,81.4606939818275,1.823496,1.9892081349534025
93.34312,81.20357244288222,2.530565,2.7038104651616823
92.75457,82.97181693801318,2.81813,2.903098010237303
94.43756,80.47755462522788,2.695602,2.824317212051512
26.78949,72.72749899934907,3.757506,3.4433005022025807
13.56867,69.57246155505109,4.133257,3.5865091144697505
21.17708,78.02737020576897,3.874928,3.383603297834298
84.77966,91.71590058827631,1.441834,1.218161068024217
94.2464,80.04249744809431,3.024334,3.045158424172641
90.5016,89.79921478176941,1.458796,1.3572093684712536
95.06025,89.08704651120954,1.850712,1.9935457681923665
1.127258e-05,96.44570623368773,1.377752,1.050999178513661
90.24615,76.59329174751153,3.263097,3.204263624039168
94.80859,76.83836464004773,2.384571,2.6873489711471983
94.38809,91.34713482262748,1.797068,1.8772975593298766
95.13248,81.33533866388541,2.952326,2.985717335397391
26.17236,72.66686915227204,3.757506,3.3850651980935904
96.15194,88.41753710123392,2.431327,2.5779367989978974
96.20181,81.68105643516934,2.101656,2.3733442458435743
95.39817,81.5231711737054,2.032749,2.3099834441447755
72.72958,100.33181607729237,1.569591,1.3973630770043015
95.65465,93.72153041228736,1.907657,2.0105678178047643
95.93674,79.09282743734063,2.339579,2.625202219545225
80.30069,94.36647161382157,1.476163,1.3002979645777133
94.71197,91.82402434599868,1.797068,1.8712811447123912
95.64189,94.33317238330989,1.771396,1.8189759811513548
85.64418,77.52228920495033,1.698599,1.8681283513100728
86.80371,78.61910712978924,1.675645,1.8181571171866397
83.15809,93.8884698548814,1.746446,1.7700185080210726
96.15005,73.15131236590133,2.883667,3.0469801957539326
92.65521,77.4435507857087,1.907657,2.167820232160384
94.53321,88.45153216159001,1.512167,1.4827783380778845
93.1264,95.82462381252454,1.377752,1.1039138011265952
95.12252,87.06324402966013,1.530836,1.5279247699996277
95.59319,81.54725517888586,2.883667,2.952401616471036
95.51836,78.82730095704812,3.179428,3.123645617611892
95.32377,88.4261764554249,1.907657,2.060448604157232
94.96349,92.79218288773153,1.823496,1.912081735947125
96.78118,89.5043408228386,2.384571,2.529458683300438
34.03406,95.08032288577803,1.409065,1.1479468013032776
91.05175,102.98203130795497,1.476163,1.2100438645620806
91.68414,98.12964082204519,1.476163,1.247575807126902
77.35338,96.17479647336702,1.569591,1.4537151831432404
94.98233,100.44365346166877,1.61036,1.491782958511267
96.46805,95.05585195559502,2.101656,2.2067089331619676
92.81176,86.16477480765778,1.797068,1.8998549340313884
95.21982,88.98259291308577,2.066628,2.2300539494267912
89.70252,94.1220840350619,1.72219,1.739335694378308
74.4712,98.31040805929928,1.377752,1.029470216073757
85.1041,90.72523474870012,1.589714,1.5778937689073484
86.81955,93.21158601294431,1.393233,1.1405809940718508
93.10475,80.2637867784708,3.024334,3.0422003610292623
96.10262,89.15800493166607,2.384571,2.520577365104586
17.6725,71.15255728274026,3.999926,3.5168246434957657
84.46406,96.17386919573158,1.61036,1.4782019372219573
95.21549,83.18236772968618,2.755504,2.8658488234137924
94.76548,86.35303602530918,2.431327,2.5513066963387674
21.86734,71.09591109366293,3.874928,3.4917613831256853
94.82717,87.80322114524313,1.907657,2.071544247935704
90.85065,92.40510703900486,1.425261,1.243092916148555
20.532,72.5380040001781,3.874928,3.4783281773474246
88.96147,93.69897652308539,1.746446,1.7306733465841808
35.52221,73.56348567293621,3.646991,3.4011932168086867
27.15459,68.6193266141806,3.874928,3.4951699071660034
94.32871,73.52058813540197,2.583285,2.819673520230232
87.4441,80.10647166103253,3.351289,3.164684118744142
52.92214,68.2498355556703,3.542791,3.4133452380913427
95.39356,89.19358364545535,1.937464,2.103543062644335
94.5964,83.07276420558945,2.81813,2.8933330282906224
93.06003,82.94728794105167,2.066628,2.3180736781441156
95.44348,86.89875461980374,2.032749,2.2493503606034437
94.80736,91.37354470120408,2.032749,2.183364677966059
95.41933,82.33426610363361,2.214245,2.4881325301927455
94.47245,100.3736997820164,1.512167,1.3011556990268098
96.67609,82.3956145439192,2.81813,2.910015929430156
95.60672,92.8946799135204,1.746446,1.794650366789079
96.04685,85.75344518459664,1.549971,1.5837845631745662
84.77342,96.87573002969364,1.425261,1.1635617105098441
85.43994,88.97867128706402,1.493948,1.428464221831526
95.40478,91.17510598009132,1.653303,1.6616047302830785
95.68362,82.56442965471305,2.032749,2.294326193780227
93.97553,75.69462268453329,2.883667,2.9893363340134975
85.54862,76.55724588494215,3.351289,3.252533682284583
95.92061,88.95853581035081,2.431327,2.5649439492696433
95.47578,78.97441077019212,2.254504,2.5423878684512573
95.01892,86.77457860703068,1.530836,1.5376724172224854
96.27388,81.72863635953851,1.937464,2.191638382939663
96.54925,76.2437869033046,2.81813,2.987173835882837
21.05881,65.82381168643076,3.874928,3.5645083975733627
94.72341,97.34404247664091,1.631549,1.5588288302959228
95.93719,79.6947857122516,2.175398,2.473154460385642
93.84315,81.40246765518935,2.638249,2.781915887668887
95.52387,89.4127576524674,1.850712,1.9830343182694754
13.68691,73.06632471790891,4.133257,3.507941944712958
89.68464,76.08822142190022,3.263097,3.1540519084940617
89.58834,91.87777908502368,1.549971,1.4571155160469078
96.2847,83.34875170528076,1.937464,2.166692030413979
95.4329,94.71242076066483,1.698599,1.69898142470737
22.02597,64.40112595374086,3.999926,3.5712554623655177
83.41026,62.455674387557345,3.444381,3.3924253577448837
96.62709,77.44915783387094,3.179428,3.1593158425184455
96.27607,78.77222681376819,2.066628,2.3708164440053396
94.56792,95.84344718700564,1.746446,1.773864588019321
94.39242,82.91026157519792,2.638249,2.716507345677898
96.25091,83.52191061356058,2.384571,2.604714870170305
51.9346,75.7493268314194,3.542791,3.2835385048355072
96.15618,87.8959736907171,1.968217,2.1596264604167565
94.49132,91.26174866907137,2.214245,2.354667559971948
94.25281,81.41857389014993,3.099943,2.995970764275282
95.37119,104.64861677108755,1.61036,1.4452481934924082
96.66679,80.39707160029998,2.952326,3.0102409762863664
91.15981,90.51450587578762,1.458796,1.342671332839752
89.21081,81.60651033203591,3.263097,3.1177355970887506
90.67894,88.43622245554711,1.878753,2.0309077975469254
93.56997,83.47931839596484,2.695602,2.776248764620731
89.5998,90.25977921306412,1.823496,1.9352647660511573
95.99859,93.87272476970884,1.878753,1.9739809847816583
93.92804,74.93843262434892,3.099943,3.1113001789930226
92.41604,81.59592156791564,1.823496,2.055388103319365
85.37439,94.6296859587562,1.530836,1.4005890877194695
96.39953,88.71741013786529,1.823496,1.9615213264061548
94.50107,92.39017041730537,1.937464,2.0544600475587695
96.75889,90.85301414745906,2.214245,2.36065941094459
96.58703,93.6257718200621,2.175398,2.2920620414844195
85.59898,90.79377208882697,1.441834,1.3130591167283425
26.27628,72.74355657796194,3.757506,3.4299051656887567
94.81808,100.31170902342657,1.549971,1.3733752789224312
96.05077,81.35903544809786,2.101656,2.3803539037737003
90.16704,75.91861412029628,1.878753,2.1458952649655507
93.20143,74.93196500812832,1.999963,2.310248337409259
62.41085,98.04626077122809,1.393233,1.0764173719620262
94.69974,73.5460905283416,2.883667,3.053392736747993
88.84564,86.23798830209397,1.549971,1.5046109717415548
34.84716,67.1896622749035,3.646991,3.4225684441577684
95.91247,95.68256111516189,1.823496,1.8797089930076498
90.62252,73.57517186275173,3.444381,3.28895725898235
95.9281,92.39883570837885,2.214245,2.3493964839724413
92.51812,80.55294082590183,1.771396,1.9905353682138816
95.00022,97.20500171609686,1.61036,1.5229973448771208
52.72082,73.7597704301243,3.542791,3.3233466890850707
69.42151,97.05551383380183,1.393233,1.0474623048587264
93.96548,82.74354796747971,2.755504,2.814431196353321
80.01405,94.73874529695539,1.476163,1.2628996332231932
87.40199,96.42048877110055,1.653303,1.545015546219397
85.53387,68.9779582668308,3.444381,3.368312487680899
95.35218,80.17942084876357,2.583285,2.790318852844158
94.83963,95.82773729378563,1.746446,1.7590800989039388
93.7667,91.58328278869318,1.937464,2.020840060189288
93.08693,99.54481075111853,1.653303,1.5489549822932824
93.25405,77.68676170597703,2.175398,2.4389399863786108
94.38244,72.2739017050748,2.583285,2.883754861397858
94.38941,95.4058699645604,1.823496,1.8584454746698142
94.64504,89.58229099108675,1.476163,1.3900188481292939
92.85503,101.46189891067368,1.530836,1.3102644748187542
91.23491,81.99862740853715,1.771396,1.9286144981339173
95.46764,91.32042510368797,2.296254,2.439310183373833
95.1187,80.209804601187,3.024334,3.037357889239226
96.1281,80.44507134818754,2.137891,2.4282110198864975
88.51889,76.07347639181424,3.263097,3.150640461139734
94.57723,75.02634741638714,2.431327,2.7402696545636687
13.40606,70.69063089730194,4.133257,3.574114180575068
94.87727,77.80979424630215,2.254504,2.573966564976624
96.0898,74.64659012022511,3.099943,3.128342251662877
95.24979,80.96100082663776,1.968217,2.2305804772678712
95.42363,90.35861364937458,1.458796,1.344064534253179
90.59896,104.30975926659546,1.512167,1.2581774003642776
94.29546,81.13770975011514,3.024334,2.961912899179366
86.06797,88.35891464953882,1.771396,1.8235593952020297
95.94927,82.74484410547652,2.175398,2.4337263020294007
95.95658,82.01076788608006,2.695602,2.819720613750326
94.90255,83.45443264041364,2.066628,2.3239095958597575
93.85721,73.16199342583795,2.755504,2.941993271549603
93.196,102.07138498847517,1.512167,1.2813550899181743
94.39688,72.78276360921136,2.695602,2.8812141944855107
54.15838,73.94664625860776,3.542791,3.342538145626282
92.61271,88.13783409144196,1.493948,1.450306588780879
94.55886,86.1483892811284,1.968217,2.1603006376667264
95.01422,89.81490642507357,2.384571,2.5275991319450353
93.16206,100.5611576897179,1.549971,1.3734818384877685
77.92998,93.15474346115843,1.393233,1.1119837369155172
94.93746,79.44476304519597,2.214245,2.506142885165346
95.7237,89.41068029054824,2.101656,2.2790995319229133
91.13227,93.54993144181608,1.409065,1.2097963362328692
94.01398,96.34029180898197,1.675645,1.6308995702565021
94.18187,74.41926898999,2.431327,2.7586797130385334
88.38969,92.15476931323332,1.797068,1.8642912006324093
93.94668,86.20374496146252,2.384571,2.489789536404433
95.77798,79.22765770732433,2.755504,2.889606691284636
87.94196,85.82271551432733,1.746446,1.8080743041010434
95.63331,91.1731191115524,2.254504,2.394143994865381
91.49962,94.24463055510056,1.393233,1.1455898986833735
96.0502,86.16513879178585,2.137891,2.342970463761974
94.15744,82.42913691840823,2.883667,2.9338381201734105
90.49438,92.61013543271946,1.569591,1.5179130990805858
93.6752,78.71080823627969,2.81813,2.918088050925409
95.43521,84.42187891110011,2.254504,2.4694275266750205
90.37735,90.05507223786567,1.589714,1.5526050621587402
87.25786,91.83370437792213,1.476163,1.2915277476960272
91.46005,78.72662333041436,2.101656,2.343981410137544
96.5527,80.91470525546075,2.638249,2.7981205540963945
93.2426,91.36685544937241,1.850712,1.9453322132153352
94.58614,88.62553817339305,1.493948,1.4418041326661233
95.34235,93.18060355037811,1.746446,1.8053442275512688
94.01212,79.10794425193319,2.254504,2.5384309029667818
93.80845,90.2961051510848,2.066628,2.18502276179302
94.29374,65.3361111937289,3.179428,3.249499020115245
64.87611,100.48568377350786,1.458796,1.1857080708673156
94.93407,90.46264006676745,1.850712,1.9719150215484378
94.51375,80.26648978084411,2.431327,2.6671426725405656
95.35594,84.49586263819205,2.032749,2.2546168567227585
95.55105,96.23850955967282,1.746446,1.7605917418359454
16.70795,71.47772239282253,3.999926,3.5084159517115756
95.29018,75.75350241220463,2.384571,2.6980635093758307
91.56859,84.5823015104874,1.653303,1.71889696374901
96.71044,90.41209421124876,2.339579,2.4785631435308617
96.75326,90.44485987594197,2.175398,2.3278855576706117
96.56317,80.45552551063905,3.024334,3.0319321839738267
95.11801,76.51794078414247,2.81813,2.981935024588065
95.45656,83.31583284957013,2.638249,2.7675287569113385
95.28285,95.74936295049659,1.797068,1.8392550119871802
93.37157,78.24684483630406,3.179428,3.1429440190769387
94.04452,99.2816246225529,1.653303,1.5700272086451657
96.04574,75.89833282288022,2.695602,2.903280835620177
94.19748,99.08548153353948,1.653303,1.5798577368950366
22.16218,64.345182804158,3.999926,3.609494661600662
85.89919,89.97388505031999,1.512167,1.421019595020891
27.16435,71.43108329580224,3.874928,3.4843110538668256
95.52124,83.0483263816267,2.175398,2.429432542523024
95.41913,93.81832489947082,1.675645,1.6837903213809104
91.4675,83.98599485971275,1.653303,1.7155152182931896
13.78573,69.86124644277396,4.133257,3.5928474662816656
77.49158,90.29856634647273,1.476163,1.3693799428813933
96.77277,90.32237992913177,2.339579,2.485273795220501
94.77499,87.48507729173714,2.101656,2.28544613980568
93.9731,81.14657131843113,2.952326,2.9918621229739375
86.81283,91.0987707053505,1.441834,1.29914457308951
96.63052,81.95483574610111,2.883667,2.9430149830071035
80.7728,93.62217347598155,1.425261,1.194508288212104
94.97163,90.82093390510813,2.384571,2.483049032419536
21.82191,71.35094384076355,3.874928,3.485829542713039
91.43479,86.69486664381152,1.968217,2.1513400751204217
94.31173,81.18360566365034,1.968217,2.1995041503975927
67.7605,92.33289526100727,1.425261,1.2602701667899927
88.89015,85.95939663484955,1.631549,1.7015319804239097
96.36038,86.74343689160708,2.032749,2.2352467030238814
35.64482,67.32923747193766,3.646991,3.461296569787544
96.75828,86.87700749530833,2.530565,2.6685819932119053
90.62209,75.00740464573417,1.907657,2.193667403339986
79.4145,89.27523114145245,1.493948,1.420492944879872
26.62365,76.15331698128388,3.757506,3.3614250779751167
13.61017,68.15208106847312,4.133257,3.5503741852869113
88.94974,102.55863367764879,1.441834,1.1175869540212262
26.18816,68.8171470031123,3.757506,3.4401149458855773
94.65701,86.47918267225555,2.339579,2.4748625030138673
95.62138,89.23108432825333,2.384571,2.5446763985865126
91.49143,97.02246087780554,1.653303,1.586692278348655
93.65262,78.66426914060835,2.339579,2.5754718762947846
93.24558,80.29551703601363,2.032749,2.244556247326491
94.16966,81.56020250448832,2.883667,2.963955787320815
89.31991,94.66421946057024,1.72219,1.6767973764023323
94.8646,76.28475371339486,2.695602,2.910149872846447
93.24695,98.44943880076129,1.61036,1.4970252904541634
93.09597,99.41413511414288,1.675645,1.5928357427401465
93.88432,88.12880646633886,2.479954,2.6219076947037045
93.3675,86.88488355662828,1.937464,2.120231226235772
95.32216,79.58549468853353,2.339579,2.6315238361859192
94.45193,80.66012112782707,1.999963,2.241637061555533
94.01269,74.75767212948463,3.099943,3.1196443585405937
34.42666,74.09831008593054,3.646991,3.371312681724849
95.95944,84.7877403918258,2.638249,2.773507956398701
94.81927,80.39449437927215,2.431327,2.669348616274686
82.74294,89.21773712537444,1.441834,1.3035675757746261
95.03888,73.96430836777648,2.479954,2.792074148990549
93.45825,74.50504699790093,2.952326,3.039357826437643
93.28342,93.38790516315366,1.937464,2.0200734495966644
49.0672,87.55181293500274,1.377752,1.1460697690225994
93.48963,99.67325791805041,1.589714,1.443181062046404
13.69626,70.25886190732953,4.133257,3.580029740061833
92.18531,95.23661172009506,1.698599,1.681988865851114
93.15894,87.90189118216331,1.771396,1.8865542662302317
94.80601,69.90622862477561,2.583285,2.8470047489716603
95.89664,85.91521986174216,2.583285,2.720093011227641
94.43898,81.85196005312542,2.883667,2.9495472688345803
84.95818,94.5824451878988,1.425261,1.1481806963891663
80.73715,92.33107431833213,1.493948,1.3667295244090851
95.54619,90.27530747319408,1.823496,1.9306155681054549
21.13769,65.48714104597444,3.874928,3.557206479323161
94.12427,80.93917482636219,2.175398,2.4426816305909465
53.92193,74.30538291359265,3.542791,3.337820067255482
89.78777,100.41053469159615,1.569591,1.3982857836352187
93.35433,86.97036991878335,2.032749,2.198180891923704
84.19285,77.14419806792174,3.351289,3.2390047229810257
96.27453,85.21900411703407,1.999963,2.2137254780455953
92.68554,98.6965656422962,1.61036,1.5067527807129593
91.13937,84.74264246665605,1.631549,1.6698770909016023
93.19846,73.97740057732314,3.024334,3.094527609279719
43.33684,64.44756495135532,3.646991,3.4247803381115838
92.74275,84.56600501730207,1.698599,1.7996487037665618
91.48749,86.163013176512,1.530836,1.5527828307409508
94.99019,92.89449097881112,1.72219,1.756247674818548
95.63404,83.83975158824386,2.638249,2.771315600107634
95.5934,91.67949151838911,1.968217,2.1059720594611306
94.23348,93.6706278058994,1.746446,1.773570337295915
95.28718,91.84286377273025,1.72219,1.782944250665663
90.55709,75.09718347971922,3.444381,3.2927399658725154
72.4548,94.08819079425167,1.458796,1.272730823791054
95.95568,81.83278940426472,2.214245,2.4815862533695956
85.12564,80.45311440766696,1.631549,1.7222941086535926
93.89978,83.53671303426805,2.755504,2.8649794936209116
94.06752,77.68163779179005,2.952326,2.973213262039318
85.67021,74.22189192340892,3.351289,3.2406059119484576
95.09012,88.42086330227724,1.493948,1.4429622338552623
94.15886,99.67937992672672,1.61036,1.4963292229514984
84.10258,80.89600305417268,3.444381,3.201115912256053
20.90374,71.21171314830889,3.874928,3.4956512754003453
94.03625,84.12371659620418,2.032749,2.264124924513897
96.45978,84.91762746301906,2.695602,2.7939302318567756
95.87325,75.13839101904847,2.431327,2.735387864148897
94.94425,79.70810337252242,2.883667,2.9023977006205115
95.88346,87.40975318422302,1.907657,2.08200335521583
95.06735,97.41813568582873,1.631549,1.5557158662338084
96.06828,90.85988431132793,1.675645,1.7094531540455546
94.95786,90.01614134573686,2.254504,2.397899026954186
96.0231,84.89287733315871,1.937464,2.162485062103042
95.6235,94.70078450214167,1.653303,1.6351916086611245
94.39099,87.06004266419778,1.530836,1.5453330151329099
94.85229,79.62264101444592,2.952326,2.964424818817387
94.10886,77.86109247060895,3.099943,3.0554240139726447
62.93826,99.39903818395342,1.493948,1.2635960729196813
88.701,88.92045919641438,1.653303,1.6824771281166786
94.66868,90.51686078691303,1.823496,1.9285552774507937
95.38523,91.8146076869242,1.850712,1.9556519839919586
92.41188,83.25889058148722,1.907657,2.1002811235946113
93.85696,80.86926745426186,2.530565,2.7044514681771608
93.63261,89.20687952576107,2.339579,2.494216097285629
95.35845,89.153732373209,2.175398,2.3499234734778445
95.87617,78.55531156478096,2.339579,2.6312157522482384
94.25343,86.86196580332057,1.530836,1.5310570596845001
96.75933,82.7864182737861,2.81813,2.90040577897763
92.18663,91.62435410176464,1.61036,1.58756447130814
87.21937,87.78318066046795,1.589714,1.6058400254928675
21.84255,69.86556648344394,3.874928,3.485369309603681
73.64233,91.73868955955174,1.441834,1.2845815796124853
95.5266,90.0493162484828,2.254504,2.418058596225543
13.78798,72.80043874761898,4.133257,3.5094216637561626
91.69912,99.76417603386408,1.458796,1.1841375701261545
59.69401,92.9679786114031,1.458796,1.2416795332322847
74.89266,97.39818953889979,1.425261,1.1205720990072563
80.94105,85.86078891326756,1.61036,1.6214754785577203
89.22739,87.07956587482643,1.631549,1.6276899382860943
93.06811,86.18731261381001,1.771396,1.8891666235352074
93.43643,95.14673515769398,1.393233,1.142370936548993
90.68127,79.3356369764645,1.878753,2.1167984060293863
87.07382,80.27329597843125,3.351289,3.12604446130833
14.27762,70.36251265053151,4.133257,3.560503114983776
73.54522,88.33093558697047,1.458796,1.2877337033023215
55.05961,102.13460992074701,1.441834,1.1259742679743072
88.32283,87.9930334689583,1.653303,1.72106111645871
94.47437,80.4530979149754,2.175398,2.4506457725590582
95.69505,95.2170576694832,2.032749,2.1317595287711866
31.89634,99.6134949676609,1.409065,1.0826307664347625
88.05344,102.5628031482193,1.425261,1.1010858717725975
94.68226,91.8867912437058,1.797068,1.873023033654019
89.81293,90.43380896136722,1.569591,1.5198703100978448
96.56455,78.64001746344292,3.179428,3.127482437718044
94.46263,94.71742922065124,1.850712,1.908510514621483
94.63278,91.81849183719734,1.441834,1.2821910582752194
95.22874,93.05588206283085,1.61036,1.5728276380923918
94.6623,67.98320021586116,2.638249,2.896965659794474
95.50501,87.80915835894912,1.512167,1.4841118449284543
80.02978,99.20113004855509,1.589714,1.459117293938983
85.02405,86.24945556470476,1.493948,1.4524222431460951
92.99122,99.29931493792083,1.589714,1.4499199477856677
95.42796,77.99665050069234,2.583285,2.8049966708682086
93.89428,82.57351926928965,2.883667,2.948942314253279
96.29855,82.45070603728048,1.907657,2.1464592116884114
26.49472,68.66705437919221,3.757506,3.4438262105473068
93.17774,81.39995570097211,1.907657,2.1105271424670597
94.74974,85.68788302262442,2.175398,2.3807821290155573
93.57647,91.86501131042196,1.907657,1.9765786814833022
64.08121,94.63728219978756,1.377752,1.1147470778493462
84.91354,96.35202106517183,1.377752,1.0425157980070638
94.2552,73.35877913672542,2.583285,2.818613564581916
92.9147,77.66226757632693,2.883667,2.9758211225803923
76.18474,91.4095116526873,1.441834,1.3081557575832514
13.36979,73.74772220867708,4.133257,3.4912081572006857
96.46705,84.23201242621144,1.850712,2.053382313271695
92.47588,101.3536605409485,1.493948,1.2408487476621168
95.52222,80.64217997276292,2.952326,3.0001949157354963
90.37622,93.94503641258432,1.476163,1.308079545472968
88.64674,94.6034594957382,1.549971,1.439917669107833
93.85663,81.47675001962547,2.296254,2.503642548557273
95.29135,77.91856521394985,3.179428,3.143674288614365
93.41227,94.89984656090492,1.393233,1.1518193895920599
94.89496,84.1681884277715,2.032749,2.262407742341089
16.90093,75.64672060233258,3.999926,3.398653889245537
83.96321,97.1589603719033,1.589714,1.424843180788491
88.69063,82.67875139784005,1.61036,1.6868971485299205
92.34519,89.5610575647672,1.850712,1.9786873175260022
16.80241,70.89426824421133,3.999926,3.524311211977505
95.10915,85.91751781077802,2.175398,2.3769332256808013
95.15316,81.56527592780807,2.952326,2.978026223018533
94.4879,89.52571767536698,2.032749,2.185916671501528
94.73731,91.21527877088639,1.823496,1.9234667490405908
93.9711,88.93034442209444,2.431327,2.5753157485247926
94.04995,74.53268036175808,3.099943,3.12912533260942
94.27896,77.77491693051039,3.179428,3.1542671302359344
92.63377,88.73075752617054,1.493948,1.4531655864063882
94.93334,75.47645075046354,2.431327,2.7423708238197895
91.63184,79.75868889793375,3.351289,3.1691760025141287
93.70475,89.16230369004776,2.384571,2.526107335430372
94.23093,75.32705143892369,2.479954,2.724328498247951
89.67167,88.75057945186069,1.631549,1.6073185063873137
95.91843,83.73734227676707,2.032749,2.2737346791637325
88.46832,92.1165872906641,1.425261,1.226200971112046
94.84778,73.64392253032358,2.530565,2.837951389661339
95.3066,82.0377176979841,2.101656,2.366886459607805
41.66818,92.39953007195426,1.425261,1.2111039932415308
95.51588,84.59643508935683,2.530565,2.6874454842276045
91.28227,85.09376616818946,1.72219,1.7984204335354637
95.66357,93.41188615814829,1.823496,1.8975685809048208
88.07708,101.63236056793707,1.425261,1.0908167599520906
92.59346,91.69676534850802,1.441834,1.3056505122441315
17.47069,71.28156819764187,3.999926,3.512557470648475
33.58144,66.22557354099891,3.757506,3.475734553693523
35.30582,73.06012340689034,3.646991,3.3998198885041004
94.75327,85.43258844630132,2.479954,2.632541890730728
96.31845,95.59508291092003,2.066628,2.1591381885559366
95.32563,98.12546425090773,1.569591,1.4531782754296088
95.01422,74.88939632741943,2.431327,2.744064365238166
26.84119,66.26533415051979,3.874928,3.475116988452509
96.52592,88.81449000388997,2.296254,2.456573263857521
96.22777,89.28520866843424,2.384571,2.534772135359539
94.02653,98.16777439160016,1.569591,1.4392180112628108
83.68924,91.63429658346116,1.569591,1.530191264120099
91.05183,82.15010956037693,1.653303,1.7369217479147978
93.74008,86.6239050368334,2.296254,2.411290393547365
95.16328,81.89904308894582,2.883667,2.948074631671802
93.23822,79.39665804155484,2.638249,2.7993666742781245
95.54387,92.10438970320767,1.850712,1.9490844186741265
95.66109,93.58441030740623,1.797068,1.8639812709805073
96.22035,92.19611154843665,1.631549,1.6273718277935227
95.52356,94.47994236095953,1.589714,1.517597991983503
74.38851,101.52968202788679,1.530836,1.3201724360188685
34.89272,73.66231017798908,3.646991,3.3820582880586993
95.35131,90.18407168232508,1.823496,1.9546965781666679
90.60894,74.90729629695116,3.444381,3.297484983139693
95.37286,76.15681178290382,2.695602,2.900912619589179
95.78486,90.15677877789315,1.823496,1.9382782201696904
95.65612,77.89635036426218,2.296254,2.5915636313275763
86.6782,89.94081582133254,1.530836,1.4571484474141672
94.00949,81.3138675766933,2.530565,2.7125141028773405
96.22288,90.44521019419412,2.101656,2.254301103693777
82.5274,92.60581849749654,1.549971,1.4116783018199848
96.0637,85.75232778887566,2.137891,2.353726813043865
82.35143,89.956807209918,1.458796,1.30503670623458
84.3127,77.34672143223395,3.351289,3.2301132253399025
95.36649,89.24019355551125,2.137891,2.3167943063009435
94.01296,68.03925322655695,2.952326,3.1043554126068096
95.7024,90.67751802316452,2.214245,2.369581694655984
94.90525,84.52535859181772,2.339579,2.5536211002789075
94.38982,80.08230285028804,2.81813,2.864087893241548
94.43405,78.03679346783261,2.81813,2.940494916478576
93.78414,73.76278748299026,2.952326,3.0615478912441896
84.47239,72.35101758687404,3.351289,3.2509061666819496
93.42752,89.96716137816482,1.907657,2.007077527153373
94.88739,88.95393643267165,2.296254,2.4427689526454355
95.40966,90.3856338629386,1.907657,2.045989291312067
94.87073,93.9365030301247,1.589714,1.5182221982409292
93.19678,79.83287776727506,2.755504,2.8736912034373194
94.47626,88.16966428656985,1.512167,1.4927427932013098
93.69773,91.96438436634439,1.937464,2.012839661242415
95.40799,96.13554529559268,1.878753,1.9498180170481145
94.51185,82.20982401075908,2.101656,2.362232104207868
94.60406,96.32219249131944,1.61036,1.5348173505879512
94.5691,94.90255646947519,1.850712,1.9238059245123047
69.32318,94.56382875097675,1.409065,1.149229480464316
93.68373,72.89196753617878,3.099943,3.133964726009137
91.76537,74.71869589342002,1.999963,2.2670970436107294
94.01796,78.4499860091172,2.254504,2.496860462873424
78.99613,93.09537120735253,1.393233,1.1099018157206204
81.18651,95.6787299023768,1.698599,1.6746777446564325
90.86476,82.90777021143701,1.746446,1.8807991026974282
95.21414,68.60538885418448,2.952326,3.102436133674359
89.66914,76.82878754377846,1.850712,2.0981368078389577
88.63707,80.619823829624,3.263097,3.123434787753068
93.54796,89.16154243233572,1.675645,1.7274232584334355
94.37102,86.06946440026258,2.479954,2.5875969083513475
95.0325,72.90642652576085,2.695602,2.9571576537190696
71.4539,96.1616569313298,1.476163,1.291895416664722
95.35072,100.01805065389868,1.698599,1.6446237881107537
87.57642,85.7515315976063,1.698599,1.7812971592728102
85.25506,75.31933733404097,3.351289,3.2326499969597906
96.71847,79.17599472478393,3.099943,3.091292524105671
95.88529,85.4763529475278,2.066628,2.2901942367793198
93.81197,71.26431512578144,3.179428,3.18489108779805
96.19124,85.36717664560159,1.850712,2.034423891960552
93.17336,86.43286230912298,2.583285,2.714032518008346
94.91942,79.91764713149661,2.952326,2.986722031703084
86.90801,89.90006662704022,1.458796,1.3526947148036021
93.81233,72.4135801032157,2.81813,2.9875962193950873
95.58903,93.71416214482304,2.175398,2.3044362555641302
93.93997,99.10545066786972,1.589714,1.4794615040112893
96.62589,92.89101425178674,2.214245,2.3379375852334308
93.41447,99.79777878019563,1.631549,1.5273648346008173
95.16005,78.86939005003558,3.099943,3.0983874358613424
94.75426,81.60427307879783,3.179428,3.0800383071992647
94.97046,99.12626562907263,1.589714,1.4618798788112919
94.1084,73.97128076199807,2.296254,2.5780598245122444
92.77527,88.72117205347017,1.878753,2.024350791034501
94.96154,83.24249445237761,2.137891,2.373638866968529
87.33824,86.5437536717663,1.823496,1.9190210652222786
95.66047,75.37575455552242,2.883667,3.0331966321069066
93.68931,91.25335352051098,1.999963,2.099913606057339
96.74902,92.02335586744599,2.254504,2.39096733371202
86.96229,93.92582741131298,1.746446,1.7692402320239702
95.21162,93.71536703168351,1.72219,1.750087361350221
94.35898,87.4976052013522,2.530565,2.6748904055728353
94.85156,85.13679637268828,1.850712,2.0334427394229673
94.74351,94.9220833549924,1.999963,2.0751995589725993
94.97072,88.28694996780756,2.339579,2.4922983285754587
95.27009,88.79664802713854,2.431327,2.589354210830296
95.61209,95.06926644105948,1.746446,1.774128344745555
95.03556,84.45228422902709,2.254504,2.480997138729143
93.06117,74.82567802549852,1.999963,2.3121436620397486
93.9053,73.85021512758672,3.179428,3.1672829563262535
88.05663,84.04476356819914,1.569591,1.5896378009100403
95.44972,87.78481597687507,2.384571,2.5292604943358823
95.90725,86.67366564162997,2.755504,2.7906284492461624
96.12917,96.43272287450915,1.907657,1.9687031326848705
22.19596,69.67918653877405,3.999926,3.518699913475345
83.76386,75.48517103353726,3.444381,3.2997933765992586
93.63664,85.17319418227845,2.695602,2.8110097238859817
94.10151,89.04056356191023,2.431327,2.568338845538794
94.86527,92.45176024597657,2.137891,2.2580089464114512
95.04548,83.47248209863702,2.296254,2.5273150946431198
14.27277,66.99166186319617,4.133257,3.57353227186828
94.07514,94.71546562532363,1.850712,1.9157399449022074
94.33005,70.91422181271034,2.479954,2.7608009926065953
93.75598,80.48482008098232,2.695602,2.829694767055663
96.75835,87.03791868836562,2.530565,2.6644083691059044
95.09913,89.82235052087951,1.823496,1.9410217967897467
90.1383,94.68589355104405,1.631549,1.558864959210192
76.18539,94.06031697544732,1.377752,1.0642943880344362
95.29736,67.68807648861441,3.024334,3.1503718165283203
85.87793,97.01566021191049,1.631549,1.501213689355625
95.24234,84.0760970168706,2.032749,2.2826251991398214
95.66057,85.58154176766192,2.479954,2.6291405917620496
94.13933,72.59627100389457,2.638249,2.865038729823733
94.39538,88.72612139794445,1.493948,1.433268359531681
95.5666,89.84387979085136,2.101656,2.2706312307390077
92.75951,87.30320874481173,1.512167,1.499796964085278
92.79286,93.43283274005483,1.746446,1.7774936881575525
95.34207,79.82671564778319,2.952326,2.9695917595810273
90.30291,98.04152127175274,1.493948,1.3009626139377337
83.39124,69.0685072355343,3.444381,3.371066637320511
73.85721,84.81554300520183,1.530836,1.4857332984807483
83.45881,84.06579088405086,1.653303,1.716657390976756
93.56046,79.2664206775278,2.101656,2.369805818887148
93.92421,90.95085286064615,1.458796,1.348943851219282
93.88017,86.2987333205447,1.797068,1.9462240401278885
91.03803,74.0951566473809,1.937464,2.2414537018893657
88.25122,74.65087699144937,3.263097,3.2045060261374854
95.15986,95.41877937617402,1.907657,1.9795888173687106
71.15928,88.68377872857849,1.458796,1.29115688590137
86.36556,101.6004684311692,1.377752,0.987486604853564
93.47387,84.75052239791694,2.339579,2.513558376967862
94.90004,84.7432293080522,2.530565,2.682052660758299
94.62715,90.23628097078272,2.137891,2.2906705922110153
94.60895,76.74971212788985,2.638249,2.860331250819054
94.49145,80.34894487339102,3.024334,3.0540816726007822
94.54703,82.1853385461759,2.695602,2.7619844247438716
34.98589,67.88017424135225,3.646991,3.4133572816919955
93.98341,94.72803980805693,1.569591,1.480139516010137
94.2755,101.1302456251752,1.476163,1.2233682052199528
91.1983,92.04717243648098,1.589714,1.560931821042976
91.45271,91.39052832520419,1.797068,1.8828895493005564
94.37545,84.70125454344208,2.583285,2.678124982574226
95.25358,92.83277865949059,1.698599,1.7225807412062388
95.46801,80.8549032965526,2.81813,2.9125077972770996
95.7812,89.87407219434971,2.214245,2.3856295513895507
88.6916,74.723751219418,3.263097,3.1452743794295976
95.92272,91.71536614665354,1.72219,1.7891496589170004
95.28918,92.39261625846436,1.968217,2.0986076726067675
95.34733,88.19830649531504,2.479954,2.6126984039025505
94.00107,73.90052483524863,2.81813,3.0017411987146376
16.935,64.15355139854107,3.999926,3.517328495910652
13.84802,69.45291040524302,4.133257,3.58461811887992
77.00839,89.44246495573363,1.441834,1.3108170388942708
73.05186,101.86992699933423,1.493948,1.2407909195444233
95.48345,90.67304895491976,1.797068,1.8984233256694112
88.17653,96.25150868951184,1.569591,1.458499963563203
94.56864,88.98391363539285,2.066628,2.2281792931404834
93.53769,93.41993438208418,1.409065,1.1902507862834406
95.35073,103.23306375336406,1.61036,1.4556645851905552
85.12077,95.47385149536582,1.569591,1.4384190473062635
20.54078,72.76734754583633,3.874928,3.4690995245681373
95.58101,87.83901685699574,2.479954,2.620401904653368
92.6861,81.3937399948988,2.952326,2.989226836965882
94.57833,92.7326197576788,1.771396,1.8234532214162582
95.03687,87.54204863914123,2.384571,2.5452870247018606
51.68598,72.67282796577744,3.542791,3.333295103681505
96.50913,74.39884903783002,2.583285,2.8673283323851235
94.84825,93.91708709388355,1.72219,1.7484830304807706
96.37271,86.60258897473048,2.583285,2.6998258230159884
92.37685,86.78459306748661,1.968217,2.1041516312639374
96.18823,81.54630101872554,1.968217,2.224540548975768
86.41216,76.64172130548424,3.351289,3.227938311938946
51.57954,69.3498773459587,3.542791,3.3687429342984334
85.32427,73.27242335297737,3.444381,3.2942518608901867
93.80068,80.1246253774913,2.952326,2.9566939468944424
81.1906,75.6730413643143,3.444381,3.2852724046912725
83.35421,75.77525607180354,3.444381,3.2763891121065676
95.84142,88.36294544279005,1.823496,1.9696910111003616
94.88597,77.6115269859988,2.695602,2.8530448084519398
96.10466,88.96762382794535,1.72219,1.8152087264124521
46.68771,101.08332477423542,1.425261,1.1014014807029495
89.86333,86.16795544228019,1.698599,1.8165504705564128
95.47874,86.85832811801849,2.254504,2.4656394251627938
87.28557,81.9142255716053,1.746446,1.8473466490795878
96.17461,90.38806134984976,1.675645,1.7232297478743515
89.15845,71.00953005806313,3.263097,3.269509881838108
95.40848,74.3661774694491,2.479954,2.7822554388477774
96.73465,84.36220985591963,2.695602,2.807193810503752
93.07592,87.38454666464666,2.066628,2.211002408137524
92.58312,88.01008391794578,1.512167,1.4928675735411192
96.297,92.7642665753646,2.214245,2.3409523249417985
63.80182,89.87664572408914,1.476163,1.3606357641689588
95.66124,82.45112243515213,2.81813,2.904616932605599
93.34203,81.35316679043547,2.638249,2.784510251149805
26.17338,71.33871255667175,3.757506,3.4203091005011492
20.81886,69.97185350424031,3.874928,3.4550117629302353
34.64174,73.6522069620586,3.646991,3.384990390240123
86.38068,77.3835000298218,1.698599,1.8675417087031265
33.73189,70.2407491278618,3.757506,3.440916243748652
81.11321,93.96078564269378,1.512167,1.3503510958327332
93.54651,88.97988821730952,2.384571,2.5346568982210376
95.17481,97.82656518495604,1.631549,1.5624098790656733
95.51451,101.4926872360304,1.746446,1.706974700588328
34.9688,71.61599743588472,3.646991,3.3788675886086352
95.85498,83.74054791059339,1.937464,2.1716871086303855
20.48485,72.02510616392901,3.874928,3.4724308818959955
95.02138,93.21958520727652,1.823496,1.9158607804456036
88.87857,87.71271604914264,1.512167,1.499741097501964
93.52482,77.11647328829861,3.263097,3.1892567052027903
84.7803,77.12215662013855,3.351289,3.235231832534063
96.74444,82.02513538114685,2.81813,2.919928925384785
96.39208,87.53514559180122,1.968217,2.1395811613260705
91.60794,92.51651229426247,1.589714,1.5401327269025935
86.95338,89.30255380948637,1.458796,1.311281103024223
93.94301,86.8000498930968,2.583285,2.7109650898847204
95.43378,90.94103543421025,1.746446,1.8304958414401014
95.29816,80.11883569630317,2.175398,2.4803063136974526
93.23838,83.23614087740705,2.101656,2.2942483626816013
96.53088,73.48319551027427,2.638249,2.9152043726544745
96.1754,80.62474482051806,2.883667,2.945924432695193
95.66452,95.44683197198115,1.569591,1.4706400464900637
94.8285,92.10987879162296,1.771396,1.8437963635868297
22.18145,70.264406796667,3.999926,3.535483813589667
93.22229,86.3771062650047,1.530836,1.5477416718194692
91.01823,87.53957458382766,1.512167,1.491050211466142
94.00595,77.50615574086285,2.339579,2.630804169025715
76.8898,93.56336932739791,1.393233,1.1145323985331719
95.91859,87.93168111589337,1.823496,1.9779498267840376
92.82831,91.22890171710122,1.441834,1.2993377597051363
86.50529,76.60742520039751,1.72219,1.9159719615362736
94.74339,90.08565359464963,1.850712,1.9682518262386335
94.90707,93.4221740411082,1.968217,2.08014680905786
77.17831,100.24664837877657,1.393233,1.0418439266570394
83.50525,96.33083390800411,1.409065,1.1243749344726703
94.77854,69.37932963826867,2.755504,2.9535443884730603
95.03965,81.74060019336095,2.384571,2.623917978742078
87.40649,75.30093245384383,3.263097,3.192229877257628
96.78127,87.65921986800409,2.479954,2.627950688470565
94.26678,81.70101480995503,2.695602,2.766576256130706
62.12495,86.94548570361667,1.409065,1.1854838890603783
94.59888,91.68511716723968,1.850712,1.9590001308784957
96.77047,85.85515586423686,2.583285,2.7233877188573175
79.02828,97.25685548390047,1.530836,1.3749991277407205
16.83633,68.57270234654462,3.999926,3.4770288017214774
92.94928,76.50678814484363,2.384571,2.6800587570064165
82.84485,96.59223851328979,1.569591,1.3942795946018487
94.56582,93.69180286388486,1.878753,1.9528063325333898
94.86431,92.83849393808428,1.999963,2.131540419802384
95.11151,74.35951708770189,2.431327,2.7576076644928125
94.6532,89.37314104228513,1.878753,2.0187866324204387
93.95167,76.30438385969931,2.066628,2.341797291491624
16.61309,76.69966886912721,3.999926,3.393700421338642
92.802,82.2949091425039,2.883667,2.9415887377505765
95.75994,97.42834795438509,1.771396,1.785714178271373
94.84193,93.0147158404157,1.746446,1.796125295564255
95.71005,97.6724777594591,1.797068,1.820231342881822
95.50168,82.12822122794167,2.214245,2.477391352306559
95.97032,88.27269812879962,2.431327,2.5672701770767197
92.87415,78.97800597665828,3.179428,3.143372476389471
27.49822,71.61149770274399,3.757506,3.3918140488457382
95.52895,90.44437752344241,2.339579,2.4754155232668413
46.47658,90.0733642216483,1.425261,1.1983837978513519
93.65777,83.56110562900196,2.583285,2.7037024035303716
94.79774,95.60560434365149,1.675645,1.6688055639804928
94.37762,89.46333081587538,1.698599,1.7662558915518836
95.37976,73.44399112048906,2.530565,2.8302325840288813
94.44168,86.08589325497624,1.999963,2.200980555487445
94.56384,87.73129304182869,1.907657,2.068220312188755
21.7556,71.85604184064613,3.874928,3.471989631056421
95.53337,92.17448709916886,1.907657,2.0191648431744724
93.69125,82.88251836261,2.530565,2.6770831062415525
68.49741,100.76513208236587,1.530836,1.3188912118392933
94.72823,75.80874708309445,2.384571,2.7130638258903175
35.53367,73.64740487283426,3.646991,3.3954564054479017
93.34118,81.87362419203933,2.952326,2.9917096540069696
95.50724,78.50181505914173,3.099943,3.103258773256968
96.5611,72.59041972059055,3.099943,3.178571901688222
95.68039,85.19356896601953,2.638249,2.763871925173021
95.05681,85.04592970283542,2.032749,2.257692952187908
94.6862,85.64176028933582,2.254504,2.425405736761208
94.39216,74.79244339549567,2.755504,2.8918873216972236
52.14236,74.19115608467973,3.542791,3.3469599249322597
53.83435,78.94928636586621,3.542791,3.215929446660606
93.91711,87.98072825397159,2.175398,2.3235984778774523
21.02216,76.50402454180858,3.874928,3.351480569291386
73.96097,92.89977388569771,1.377752,1.1117393652141034
95.81478,78.21430829556881,2.254504,2.5614688175607343
93.00864,82.10613327622588,2.137891,2.391015055507994
94.52498,88.74430357393337,2.431327,2.5854005070929604
94.8734,76.70728738125042,2.755504,2.900708917924615
74.46199,100.14087371057666,1.393233,1.0454016293006514
94.88054,97.66607637602198,1.653303,1.5896170591621
75.10203,94.4610107613186,1.377752,1.0669580021788272
82.55612,100.61375137433429,1.377752,1.0114213389175537
95.19291,97.64056698276985,1.675645,1.6355898019831567
95.49856,87.57270378626926,1.907657,2.078960038412281
94.43351,88.92263065532333,2.431327,2.57930587391758
92.35907,102.17146298937253,1.441834,1.1398211228126238
94.95597,99.8132652864627,1.569591,1.4157506664114614
95.53338,94.34969465275915,1.771396,1.8143895037275084
90.86403,90.39453507708049,1.850712,1.9176691187569226
96.44665,85.37502449661385,1.823496,1.9941490644150597
96.20472,82.09135084284274,1.937464,2.181706482598528
88.12423,77.65733424802484,3.263097,3.2010176918456605
94.03649,77.1346712989916,2.384571,2.625937514014193
89.74337,93.32792762399635,1.409065,1.1951067519210967
87.51807,89.33551258723729,1.512167,1.4250784924837512
95.97287,88.80806775592966,2.214245,2.386860956260641
94.87897,75.53861150085638,3.179428,3.1010241562180876
94.97855,94.57045197706573,1.746446,1.7803409744153307
95.37472,80.67604473690434,2.066628,2.349593757267828
93.62073,100.04299925265488,1.698599,1.6341253389577346
96.29401,94.63749948789227,1.999963,2.0928548870176087
92.98733,79.35236839995459,3.099943,3.0899555172902335
93.56402,72.55806222330973,3.099943,3.1279273619841934
96.26482,89.39556644268032,1.878753,2.014674418133106
95.19377,77.42121860917702,3.099943,3.1056051256110497
83.38617,75.77601496721635,3.444381,3.2929912747074064
86.7239,85.87361064001185,1.530836,1.4940090186390926
93.82963,74.01826312419831,3.179428,3.1590876642910786
96.57635,88.96029206150706,2.339579,2.4924330120259266
95.2805,87.34117877045131,2.530565,2.6598943670889486
95.40275,92.1374138118056,1.631549,1.6205959063043447
94.23365,93.70961715054099,2.066628,2.1621582632029246
91.22001,103.84299949785586,1.476163,1.186290937467869
66.23664,86.39120163536867,1.425261,1.2290690546825482
94.89114,85.07844651252289,1.999963,2.2146727961827635
89.40051,80.7175317627634,1.72219,1.8641823089051788
21.98206,70.1925251469221,3.999926,3.489981036356977
92.69992,100.12498088720876,1.569591,1.4030810376929064
94.59933,74.12952287025968,2.431327,2.765431582904568
95.755,90.04305867743304,2.175398,2.3423351429469292
92.20111,98.14463319806443,1.631549,1.5432264875253057
95.46619,81.08436828904728,2.81813,2.9146440122155006
95.25397,87.05941468336016,2.530565,2.668335516349948
95.18273,87.37611683710855,1.530836,1.5182918372385337
95.96533,82.27243748017132,2.066628,2.3325036504873324
94.37362,98.11128464688859,1.771396,1.764685314230705
95.04566,93.62877319930361,1.72219,1.7549690340991209
94.10123,95.45739155232371,1.698599,1.6783769179207955
95.26705,78.3355437910254,3.024334,3.0578843209799156
86.49406,87.81098191773087,1.512167,1.4831891943723239
95.01809,85.35272513025241,2.214245,2.4333976200644947
96.05836,91.20202695028146,2.296254,2.4271513513146785
93.61277,70.24877632373111,3.099943,3.193110304450216
85.71363,93.36663004113325,1.409065,1.2134957381202307
93.91087,97.21144083431865,1.653303,1.5835534484146228
94.76672,95.40193260113412,1.746446,1.764857765149137
95.1464,91.5139178575108,2.296254,2.433434099195174
93.52959,82.98993836104368,2.066628,2.2583109687760934
95.73458,85.91455935331572,1.771396,1.909715779727592
94.45905,88.19253405514972,2.479954,2.6185347992761168
94.941,78.44007434975094,3.179428,3.1324698335898526
93.21722,89.78353827885333,1.72219,1.7933977030012453
90.20252,88.28290767621797,1.589714,1.5721209100368605
90.68304,87.71159605481411,1.771396,1.8628395434699034
96.4991,95.98292718620851,2.032749,2.121819785553059
96.29541,90.11208630512411,2.101656,2.2641284812917326
18.22066,69.29846592830867,4.133257,3.5375091685231626
87.44718,95.94479341142905,1.675645,1.5883173358195632
43.39075,67.13614802381421,3.646991,3.4279955904409873
95.4874,94.4212694974399,2.032749,2.1367024946430426
83.80419,87.75984400490665,1.512167,1.4417556110537384
49.45987,93.90011382843802,1.441834,1.2270997009151003
94.22037,93.14547549505313,1.746446,1.7819603516189684
94.26003,83.75768929432508,2.755504,2.84975573169212
93.74503,77.87987886603834,3.179428,3.155404286644743
92.89389,82.90247125164858,1.797068,1.9552874313211805
95.00013,79.16330615837543,2.638249,2.8448829707648526
96.47604,74.51405227712041,3.099943,3.1321889191491694
94.21247,91.94587366913107,1.850712,1.924309350709008
85.25018,73.74479136831579,3.351289,3.252263263231532
95.08159,93.35712371005192,1.72219,1.7614776429665597
90.47054,99.70831001373745,1.425261,1.1346174802253135
17.46505,66.99836707655578,3.999926,3.5379459909777085
95.44689,81.7366031158388,2.137891,2.3984889561378684
21.04928,75.4537424071741,3.874928,3.4104996073988127
91.79936,90.11312055611405,1.746446,1.7978516540108263
94.67396,75.05013680345743,2.384571,2.7175574553955815
93.26223,100.72496767701179,1.549971,1.3861734427336954
93.95723,80.34733087269406,3.099943,3.011626599951637
91.13915,98.76732864588581,1.698599,1.6319916996964547
94.21074,83.20205077265392,2.066628,2.3121024512219583
88.71431,93.67765880699345,1.393233,1.1186750716443843
94.8308,78.27265742519785,3.179428,3.139359919562955
94.25447,87.90804637939333,2.339579,2.5150580131165854
94.69029,81.39372203476537,2.755504,2.8083421059961893
53.97329,98.66240854542858,1.377752,1.03234725968236
94.79144,87.15158346875859,2.530565,2.6700729307881357
94.45014,88.11887229654154,2.032749,2.200903844465777
95.14666,100.88017240072554,1.675645,1.5975622533547502
94.73349,89.61376303757608,1.850712,1.9762003269310182
95.3917,81.93538125633899,2.384571,2.6042206175921194
95.62206,91.98946240558513,1.72219,1.7792301307395693
95.27992,80.07012659659918,3.024334,3.0410840312597798
96.43218,83.16899202444382,1.937464,2.174438307020844
94.57924,80.5232838717196,2.952326,3.0108280404786765
94.70092,100.31642141807556,1.653303,1.5650221797373214
93.94771,84.47303100474169,2.339579,2.513456067464954
87.50164,92.9137619484196,1.409065,1.202357391517778
94.5095,88.58693532549377,1.746446,1.8420498794421087
94.6198,87.87166793921448,2.137891,2.3287942643654014
94.88586,74.79921421526143,3.099943,3.0724810269108476
83.00292,72.83792120953203,3.444381,3.3000297353281214
86.70119,86.71550800718254,1.512167,1.4447792343421209
95.78297,87.35098374952635,1.850712,1.9991372294826617
92.13826,90.58650027747865,1.698599,1.7441059837400423
37.9603,96.98683405394357,1.409065,1.1307318082543465
92.74804,91.61610535323454,1.72219,1.7774113453584315
93.79079,89.38381915213289,2.339579,2.4857701742967264
95.35661,82.90532553853178,2.530565,2.6984478754011394
95.74105,83.0578033792013,2.479954,2.677585921641855
92.86494,83.86426248590747,2.755504,2.8555439162137204
93.78037,97.6027545606708,1.653303,1.5976589947619926
16.92339,70.78731688930549,3.999926,3.5449275333402896
79.16796,85.03087356374904,1.530836,1.4827167609128913
88.31755,101.67994954952228,1.425261,1.0863896904231718
93.91035,99.95402013653383,1.631549,1.5325932136733815
93.73583,86.86753482966996,2.339579,2.4458437614342543
94.023,92.91231520765885,1.675645,1.6941272637658717
95.69692,94.45289978035265,1.968217,2.064799925377135
90.93256,75.06969244355645,3.351289,3.2313111510260146
88.33642,94.25043858963608,1.393233,1.147122596535524
93.94933,95.88710382945214,1.675645,1.6432656125754206
94.76939,82.22566768785728,2.695602,2.8207373691235818
96.27725,91.92097331856391,2.254504,2.3880482722686582
95.35455,84.03855022237315,2.755504,2.8424580521810863
96.22002,94.75075568150179,1.937464,2.023661269367705
96.75038,82.13106964075281,2.81813,2.913473581502738
59.20512,90.03837415746204,1.458796,1.3230138163867002
84.98465,75.63765223055582,3.351289,3.1952376705290058
96.5439,86.44589727870613,1.937464,2.1229849998258423
93.3809,87.49608648192432,1.512167,1.4878102249872476
93.84391,78.42677743099043,2.296254,2.5828404380762757
92.80163,92.91726480946153,1.653303,1.6557741059902873
21.05447,71.71305970065575,3.874928,3.4970121143775414
95.77003,90.26864844712289,2.339579,2.485227829678171
59.38781,97.83336449602817,1.476163,1.2476238511907627
95.94161,83.52856501362115,2.137891,2.388877463832411
94.85791,86.89605176945824,1.937464,2.119239973891394
95.97153,81.02227417296531,2.032749,2.3145085499353817
95.02636,92.45244780461852,2.066628,2.1999151732628692
89.0549,88.53816744734202,1.589714,1.5714722848130915
94.76365,69.68476109346051,2.530565,2.813462423422565
76.51829,93.56938760437694,1.377752,1.078925946255409
94.49953,86.82930205160103,1.968217,2.156967314568399
95.63404,82.30480080128224,2.81813,2.91121247124192
88.91061,91.99646339187427,1.425261,1.2502567428544948
88.50213,87.094619067008,1.530836,1.5262072981788797
94.82153,97.71791760968765,1.823496,1.8417565488284176
21.03278,69.39331331078799,3.874928,3.4305518965547788
94.78502,91.61114484313691,2.175398,2.2981622651605744
94.50866,73.66371362743757,3.024334,3.131803186545552
83.05026,62.55301172772637,3.444381,3.3917453885906905
93.61727,83.71759114328447,2.638249,2.737331365707062
26.28538,74.26275217127348,3.757506,3.377785407110057
27.11133,71.18040340943347,3.874928,3.4875993278274984
93.72722,96.87280169619872,1.458796,1.2412322372151312
90.41746,91.15312877046789,1.589714,1.5471765665905508
96.67847,89.77635181699755,2.137891,2.2922633094523914
94.09032,88.03238027935562,2.431327,2.5899927431746907
27.72416,72.11966646781835,3.757506,3.438297057089293
89.82838,84.45560062275136,1.589714,1.5995157501289543
94.57087,93.8551429355208,1.878753,1.9556867465374599
88.68173,90.63860776360987,1.441834,1.3121599316717911
95.4576,91.95519781929636,2.032749,2.168858944605214
88.37233,94.44696602260261,1.72219,1.6847902266380488
88.53942,90.17752136924936,1.458796,1.3471080171109522
94.76866,77.652343479898,2.638249,2.807595325850447
93.19447,93.74154514869548,1.589714,1.530662151638143
95.81516,79.55304600682767,2.479954,2.7117617815305888
96.62053,77.8265205468807,3.179428,3.14609384009021
93.8427,98.24292175613655,1.675645,1.6342500294617175
93.08462,79.76408350462381,1.878753,2.1509613462965915
79.00793,92.65478434973825,1.409065,1.2089659259003993
96.17522,91.25354173742366,2.296254,2.429442636243452
96.68656,89.35301799950268,2.384571,2.5316820466144345
95.75707,86.36677355151778,2.583285,2.706922460622893
87.56978,75.77101546037855,3.351289,3.2468039419176504
95.33841,83.61046003142096,3.024334,2.9749048405781617
94.98615,93.79547015516052,1.797068,1.8630031015324264
94.90295,89.81903982908462,2.254504,2.3955013809946077
96.44909,76.22888048660687,2.479954,2.7715904789523558
94.63769,82.37239902802501,2.431327,2.619568896681226
13.30424,63.87446989539906,4.133257,3.613484843013298
95.65167,98.29457696069608,1.746446,1.7386639370299555
25.92576,68.98238462636525,3.757506,3.4470921733380546
88.10723,92.09787774940143,1.653303,1.6262119005351794
93.03556,76.67293177165496,2.81813,2.942862976720622
93.72869,78.5540056532635,2.695602,2.855886709340452
86.22735,98.27175133248325,1.393233,1.0546709108937404
94.6307,95.71258070977305,1.771396,1.803247105992905
86.91424,71.20059171963591,3.263097,3.230139155067514
95.05137,84.1377369863029,2.066628,2.305386936402614
21.06202,65.04627014855915,3.874928,3.469803702465211
94.87571,98.59940475106986,1.631549,1.5416768999385067
95.53106,94.08360112889727,1.771396,1.8208432441897813
93.20151,77.20152663222896,3.099943,3.095386324141385
52.7446,78.1518110488683,3.542791,3.2677096447229386
16.71054,71.8582188915825,3.999926,3.4874514315384553
93.1082,83.74244702329948,1.937464,2.1320547865163193
95.24358,91.41636454713048,2.175398,2.302037123329652
95.12422,87.33206836903386,2.530565,2.6811291462384235
91.23995,85.63221170545502,1.771396,1.9043286452987667
76.15078,87.47359365145176,1.493948,1.362370433334167
94.60983,91.54502836217263,1.968217,2.10145066547677
95.42397,82.65674178082426,2.101656,2.3505278007143993
93.70163,71.52837607463057,2.952326,3.0705975625126594
95.75231,94.73230404098524,1.968217,2.0659675382184415
92.20624,80.47532005376611,1.771396,1.988735308138442
94.511,77.94746981973269,2.296254,2.610814590418414
96.69859,83.30254928514101,2.755504,2.862241332298194
16.71226,71.39853828070973,3.999926,3.5276200943226863
95.30352,90.90650092151284,2.214245,2.3446011681531744
95.43364,84.70595004516473,1.999963,2.241247464024439
90.09457,89.48666624635614,1.907657,2.0023052107555936
92.74523,91.00173004014894,1.458796,1.3446245667228531
90.56739,96.70838276500415,1.425261,1.1462663845066452
95.51644,87.64020822157815,1.999963,2.189719492841008
94.82962,74.89479107336979,2.883667,2.9960898666765834
90.65587,68.92968466381548,3.444381,3.3700528133046896
87.32046,78.25855773282858,3.263097,3.182360622900383
92.74665,83.0250681299442,2.101656,2.3430670474408695
94.58127,85.61563318436393,1.549971,1.5920762406824094
89.80095,95.20726543072905,1.569591,1.468440818049832
52.52233,73.37645319021246,3.542791,3.293664157661995
95.93907,89.58523138935257,2.137891,2.317090971757206
91.60236,94.05563161304715,1.589714,1.5273739612608712
90.37085,74.21158923646952,3.444381,3.280236776316817
53.76792,69.09424906921501,3.542791,3.367839791137439
94.87292,71.43260653709133,3.099943,3.139877461513162
95.02024,93.18503572093833,2.137891,2.2612161288609687
86.4999,94.43863759444291,1.61036,1.547600919129568
91.07479,102.79312033655458,1.493948,1.2227403019910412
95.12205,90.77922067925675,1.797068,1.892489124028767
53.93989,89.34159084351663,1.441834,1.2471916930102267
88.45736,84.73337918677444,1.878753,2.014424948461057
92.09993,99.92603677973884,1.589714,1.459759722246023
77.90611,96.67827005596796,1.458796,1.2069158642890487
95.98562,84.42287178633691,1.999963,2.22977857772896
94.9373,79.58150896962965,2.254504,2.544042219716506
45.1633,92.83260682549967,1.377752,1.0543645169868043
94.52226,86.95895369021947,2.254504,2.4438206093356984
89.24008,95.5925591961109,1.61036,1.527015009117406
92.21128,94.911963622434,1.393233,1.1476084113134188
92.36567,91.16906885075656,1.441834,1.3044589257910297
94.45011,87.62378109481367,2.530565,2.6669005218500734
91.61088,89.15496708564187,1.476163,1.4039148417252263
95.96972,85.84669434497776,2.81813,2.837511040338433
48.58652,93.23417797848087,1.377752,1.0518796222254057
94.43076,90.53599170262554,1.476163,1.3817333260220117
92.96248,72.18198631882623,3.179428,3.189507977798351
95.65824,92.94207457865534,1.907657,2.00775398643367
95.72292,94.6598931575658,1.653303,1.6327051819383323
33.81651,72.09598211155522,3.757506,3.4397195592174947
89.59525,104.63046724867058,1.493948,1.2168409731086294
94.28083,92.77088053609597,1.771396,1.8212410955287575
94.96077,80.4533782823205,2.952326,3.009440126687911
22.07999,74.40267965626768,3.999926,3.455021869008416
16.48136,71.61454954726803,3.999926,3.5262188146991074
13.69315,70.08681217120512,4.133257,3.5878328172519605
79.97883,87.71531327684235,1.549971,1.490548361747254
96.69118,81.30958378612517,2.883667,2.9623975413143295
95.22756,90.747758056485,1.823496,1.9419639501404315
93.92073,85.5658890211563,1.850712,2.024331823488853
96.65646,88.329200654795,2.431327,2.574846501691759
92.76282,93.99018365557856,1.409065,1.1954760887648312
95.44698,87.6424343187491,1.72219,1.8156233737325216
96.22295,97.01820110564375,1.937464,1.9993373787151476
56.12785,92.79820358366796,1.425261,1.2317059839463205
82.54715,92.47952881892547,1.493948,1.3555948879019661
96.74574,85.2588834043311,2.638249,2.759544646519353
95.73547,89.62326120410815,1.771396,1.8822537884615498
92.08842,98.8286840979664,1.653303,1.5781842913266404
90.16686,94.40097939438304,1.61036,1.5542202960319131
94.90148,94.60154572847358,1.907657,2.0029362208072303
86.54885,86.45373917238051,1.493948,1.4474563968981224
94.95198,94.50853624298102,1.771396,1.8125184411271464
27.47762,72.78965764352306,3.757506,3.4267459353639573
95.54671,72.57212441471499,3.099943,3.1419240261457255
96.71712,86.72706156648219,2.066628,2.2619166506259285
91.80074,102.07569138770947,1.458796,1.174169365726457
93.03463,88.01975490249391,1.823496,1.9136073603543673
94.36651,84.10948366588987,2.339579,2.525125966922724
91.26871,85.4552092133239,1.631549,1.6716541315877236
27.48478,73.11793887054644,3.757506,3.416682085825037
83.39691,73.04470807221425,3.444381,3.238718354496313
43.65467,74.07721224230846,3.646991,3.3666573702691407
93.80109,83.51645107149174,1.907657,2.1194249642235117
86.66891,84.99046915606758,1.653303,1.7506851788418933
21.13826,71.4784924065817,3.874928,3.4815896207717643
93.75192,76.3707447563394,3.024334,3.06968395327258
92.75672,90.70575060130945,1.698599,1.7455797262344253
94.90849,96.33139835032794,1.653303,1.6120942741650488
13.25465,70.14657924493706,4.133257,3.5725154285148477
74.59194,84.69047569024244,1.530836,1.4844294825429203
94.90683,91.67433796414562,2.175398,2.304263908059766
91.02901,99.55311435185922,1.512167,1.3163270628901687
94.95014,87.0069532407644,2.530565,2.6662026770422336
94.59524,80.99187172775407,2.175398,2.4454890995208878
93.65993,78.33907452707254,3.099943,3.052003534753558
94.95751,86.99811942643908,1.937464,2.116608191920704
94.17987,73.09944694233181,2.339579,2.625285210020765
86.99987,83.17155890617745,1.61036,1.681449221286679
94.66503,86.32681875130639,2.175398,2.3768927159202313
94.8187,99.70264105281952,1.61036,1.5012623272937202
53.71367,67.603580195867,3.542791,3.378179031369104
95.80554,89.2615479972503,1.797068,1.9221833380590296
84.62007,76.49190907548878,1.72219,1.915210375631928
93.32626,83.70325064143222,1.850712,2.0342389650826616
94.38199,82.39063483243683,3.099943,3.02842613498186
96.18885,80.79544161297801,2.254504,2.5323444410594664
16.92645,70.88608284717192,3.999926,3.5390070764251766
94.8717,80.49378255939178,2.883667,2.9171641252179668
94.41703,76.94076554925144,3.099943,3.097453899668898
94.68298,102.19066419898228,1.61036,1.4690554858200473
94.85324,88.92665951861377,2.066628,2.24331993199404
84.85267,72.96247718879401,3.351289,3.2563446184297367
93.084,86.9515033455452,1.512167,1.5039687423653585
95.23103,92.82687083088688,1.999963,2.1359309102840975
95.73403,95.37079775091995,1.631549,1.5964898717696718
16.76162,76.02795404070856,3.999926,3.3945264210384147
95.92064,87.51136676311415,1.746446,1.8525331230635405
85.63707,75.72367136440724,3.444381,3.2773215966187146
94.27193,86.73645658796579,2.583285,2.72107784209955
81.48202,98.34549749207244,1.61036,1.50630105742395
87.09561,88.1799990045211,1.493948,1.4500298575507546
95.45415,90.04873217366034,1.823496,1.9417979239849212
95.49164,93.69895315273399,1.771396,1.8256923879957023
89.89934,82.03779866058643,1.968217,2.157276129123173
95.05917,87.9865316204103,1.512167,1.4799326722362207
95.13909,91.69352589837676,1.771396,1.8448844419917498
93.91422,91.4151794584073,1.968217,2.0603365909283267
78.7047,92.48087645947216,1.458796,1.2837382106652748
95.50602,84.71339725640142,2.175398,2.407375810546441
84.0825,89.45355535055488,1.458796,1.3012084777711808
94.87958,83.84143190331217,2.638249,2.7296417966631
93.85422,93.04910670283824,1.425261,1.2476453487550636
89.94634,101.77291771128617,1.631549,1.4979213019781588
95.45112,87.15092670073659,2.530565,2.6856668444752585
95.29716,74.31575730817772,2.81813,2.996838951267152
94.86312,84.6034779247688,2.583285,2.683581133532952
80.31578,94.91726545299069,1.377752,1.1078982518469136
95.48784,82.58599769582067,2.952326,2.9674953950127074
84.77307,90.33174917970985,1.441834,1.264253604546856
95.15316,93.54291217390754,1.72219,1.7492948256128908
94.25306,75.49541837599595,2.431327,2.732351874148539
96.22467,85.39982353871629,1.823496,1.9954404949608442
93.02628,78.58411776854722,2.81813,2.9280054121230803
90.89642,97.52158419515557,1.569591,1.4550332205122014
82.14343,73.51197648568596,3.444381,3.2868799952774275
96.54244,83.8392937675495,1.878753,2.0855289021035253
95.81092,97.8680646868109,1.771396,1.779616028509344
14.43366,69.37485268317157,4.133257,3.581976959232356
91.526,91.02643238164866,1.72219,1.7500696167906402
96.65923,92.09793808680321,2.254504,2.3844508125954076
93.61445,78.41837589957794,2.137891,2.416727256381725
95.94117,86.88288641636295,2.296254,2.475677634313704
94.8763,93.0963509806601,2.101656,2.208462438957999
94.0709,80.02380250487502,2.214245,2.4905532037603373
95.37233,94.90258669139294,1.907657,1.999415266785747
93.51995,94.01817365701704,1.589714,1.530191210505661
33.82756,72.15528838173545,3.757506,3.4411936801233995
77.1109,93.8604392095757,1.393233,1.1552706667633839
95.13996,99.96115809145391,1.823496,1.8348882871739547
94.37943,76.96999807268787,2.81813,2.901344960207274
94.4471,87.4866949754098,2.296254,2.475606104412732
94.44332,88.17848225704147,2.479954,2.629544144975
54.07111,76.17151018948903,3.542791,3.301736971072188
95.94122,80.61290314888396,2.137891,2.4252281812996457
93.09693,94.75464641060404,1.631549,1.5985078988198058
94.83467,90.11729779716123,2.175398,2.3281802149086466
94.50684,82.1697408893312,2.883667,2.9411074002817577
94.29709,91.45899988898225,1.458796,1.333850377260204
95.78257,96.1757688689616,1.61036,1.5482844287225035
95.24733,77.05976431807326,2.755504,2.904080055512308
93.53319,74.57070204052454,3.179428,3.1646166516617935
95.39653,86.83054361950101,1.907657,2.0933590853560196
94.67108,86.65349935345489,2.583285,2.7246774746566653
95.13776,85.57393950028435,2.638249,2.7549680608178506
35.15747,74.1573554302151,3.646991,3.3840976799419966
52.47976,74.85658643795155,3.542791,3.3243417985119814
82.89179,92.14210272990312,1.549971,1.4460562032507078
91.32439,87.3291135130455,1.653303,1.695738071885059
20.92962,71.9376900134648,3.874928,3.4920069932823723
96.44535,94.36328451190055,2.137891,2.2519883072333116
96.26031,80.76605689250685,2.137891,2.4212122106852045
95.6722,89.48000398491897,1.698599,1.7661260051113725
91.42567,103.79709904817393,1.530836,1.3016136458880143
95.79805,90.02917651575903,2.032749,2.1980703953918086
54.13471,73.84707543327656,3.542791,3.3479903992366236
87.34795,74.18942536645982,3.351289,3.2463266202371153
93.2136,96.30396739533175,1.746446,1.747210958418849
93.94931,81.66052741008903,2.101656,2.347650479483512
92.72795,86.15394987467432,1.823496,1.9777583790409827
93.8321,82.76564267327342,2.695602,2.808183830270787
89.19642,88.50223415929194,1.493948,1.4582119391858934
94.80052,94.43712432046412,2.032749,2.118236072859568
95.17261,88.9321212277695,1.878753,2.0373593920853637
94.11786,84.18818384657413,2.530565,2.626056297823495
77.29782,94.00392263263598,1.377752,1.0621011132844533
94.5904,102.60614735243966,1.631549,1.5033984733402836
94.87996,79.50953043001196,2.952326,2.948290045464474
90.95024,89.56209300750339,1.675645,1.6812406928642685
94.98097,88.90950384963068,1.493948,1.4319426240074802
95.32053,83.71836405774505,2.137891,2.390147775521796
94.16529,78.75042853693724,3.024334,3.0078714844652437
94.21056,78.26585140208364,2.952326,3.0135924625918884
93.96426,79.72133079467653,3.024334,3.0596641000151323
85.60354,75.17625169401963,3.351289,3.1982918580713804
94.36027,70.51360871059745,2.530565,2.8024312024036324
90.2578,98.2717331780961,1.653303,1.5652494514020043
95.08076,91.04995555830462,1.937464,2.0765299030976943
94.9774,85.03673517649325,2.339579,2.5419198830405705
95.43022,85.88749411910938,2.214245,2.43106873451754
84.91038,70.19274458010725,3.351289,3.2765643671576132
95.6446,82.29483525188904,2.066628,2.333390394788782
94.90758,80.64971867524652,2.81813,2.9226503496351928
94.38372,68.07305785783838,2.952326,3.1060993874175806
93.89484,73.98959200127567,2.695602,2.8953291546190485
83.98551,106.04346898217659,1.377752,0.9427040601419594
26.65368,70.36610451504107,3.757506,3.3816507062545553
