actual_QE(%),predicted_QE(%),residual
85.11285,85.30004803634917,0.18719803634917298
95.52469,95.4901898067857,-0.03450019321431341
83.1324,83.66646138293645,0.5340613829364429
95.7187,95.75974359408727,0.04104359408727021
61.38409,55.07642403190475,-6.30766596809525
95.77905,95.78839557451049,0.00934557451049045
94.43092,94.59105306943117,0.16013306943116845
21.03197,20.99254269391533,-0.039427306084672153
95.78665,95.6585378576852,-0.12811214231479084
94.8736,94.90869116960324,0.03509116960324832
54.00545,54.18891564865083,0.1834656486508237
94.62623,94.5192148396825,-0.10701516031750202
16.79622,16.90939050531747,0.11317050531746986
94.67363,94.62297398612426,-0.050656013875737926
95.19864,95.06578453509263,-0.13285546490736522
84.68152,85.63195330060486,0.9504333006048569
93.45193,93.32119052420636,-0.13073947579364642
95.03404,94.64113404650791,-0.39290595349208957
93.98854,94.36739187355826,0.37885187355826133
94.86511,94.88350475612434,0.018394756124337164
22.25679,20.400784301243377,-1.856005698756622
94.34252,94.47990282503972,0.13738282503972243
91.14482,87.05985323515037,-4.084966764849625
16.56403,17.4916770460053,0.9276470460053012
94.06056,94.70457770466928,0.644017704669281
96.71135,96.69648198595236,-0.014868014047635825
94.4889,94.45510073023094,-0.033799269769062334
94.57109,94.48739725838621,-0.08369274161378826
94.88996,94.8726689555952,-0.017291044404800004
90.47633,91.44153885445753,0.9652088544575292
94.18893,94.37089489293645,0.18196489293644902
94.89303,94.85382459250005,-0.039205407499949274
94.025,93.98600768029108,-0.03899231970892458
81.98266,83.51439250797618,1.5317325079761872
90.55361,90.32810800899473,-0.2255019910052738
95.01759,95.09118100461647,0.07359100461647472
90.28566,87.48413156246033,-2.801528437539659
94.48378,94.31926057138878,-0.16451942861121438
93.38123,92.72644017944438,-0.6547898205556208
93.85856,93.76165070328646,-0.09690929671353388
93.12547,93.66732781138889,0.5418578113888799
94.83128,94.77970217785708,-0.051577822142931495
96.2423,96.10587983391527,-0.13642016608473284
20.91133,21.23747149787037,0.3261414978703705
92.98988,93.00416853404771,0.014288534047707913
90.26695,90.26203993464289,-0.004910065357108806
93.3891,93.44973786099204,0.06063786099204549
35.51747,36.47901623588622,0.9615462358862175
95.24464,95.45287784619055,0.2082378461905421
95.54272,95.5152785382275,-0.027441461772497178
96.72959,96.70742654015872,-0.02216345984128054
94.07162,94.66301400027784,0.5913940002778446
89.44739,90.31957675898154,0.8721867589815417
63.71709,63.65891528751318,-0.05817471248681727
94.15151,93.7345391133068,-0.4169708866932069
85.12167,84.94700049366402,-0.17466950633597378
87.03664,87.94542183271886,0.9087818327188586
96.77744,96.76013075826602,-0.017309241733983072
95.58797,95.59901563027775,0.011045630277749297
90.7831,90.48792707821431,-0.2951729217856922
89.35732,89.31102061285713,-0.04629938714286652
92.72048,92.27347942369043,-0.4470005763095628
90.24914,90.57555717857139,0.32641717857138985
92.70774,93.84388626657412,1.1361462665741158
94.17324,94.58335047238097,0.4101104723809641
91.16656,92.04988195063491,0.8833219506349081
93.88736,94.04410048066137,0.15674048066136947
93.65058,92.15194386976196,-1.4986361302380402
88.02139,86.15094782076717,-1.8704421792328247
89.26885,90.87452564742784,1.6056756474278444
95.49099,95.50225973111111,0.011269731111113401
93.50862,89.79955057976188,-3.7090694202381087
52.52988,53.17275151602573,0.6428715160257283
95.85058,95.8673470265343,0.016767026534310503
96.25374,95.93032516095238,-0.32341483904761503
86.02242,86.66374852415343,0.6413285241534368
83.60567,85.05975524929892,1.4540852492989131
91.60808,91.61232423170638,0.004244231706380219
93.14194,92.97651509350534,-0.16542490649466401
94.94274,95.06832600114714,0.12558600114714125
94.94766,94.99887325799668,0.05121325799667886
95.14968,95.0974044212831,-0.052275578716901805
95.47164,95.65381845640212,0.18217845640212715
94.33543,94.43190093518515,0.09647093518515248
94.15112,94.09429292801588,-0.05682707198413084
95.20546,94.76399164944446,-0.4414683505555388
87.16998,87.81730329734849,0.6473232973484926
94.36673,94.23278364697094,-0.1339463530290601
91.96502,89.52500395682534,-2.4400160431746514
94.18427,94.18230166972232,-0.001968330277676955
92.85354,92.79711543964287,-0.056424560357129394
13.46095,17.372147687076723,3.911197687076722
90.12572,90.22104314285707,0.09532314285706889
92.72168,92.31741932550263,-0.40426067449737957
94.33177,94.38355123228831,0.051781232288306
96.55204,95.81490018342701,-0.7371398165729914
76.17771,78.8610506686905,2.683340668690491
95.24956,95.40860730765871,0.15904730765871022
95.15571,95.07786269616278,-0.07784730383721694
86.73699,89.33561949612435,2.598629496124346
93.45757,93.72714073476189,0.269570734761885
95.02153,95.0764759011376,0.05494590113760012
93.52669,93.39622665878301,-0.13046334121699488
91.61552,91.2829087108201,-0.33261128917990845
91.02967,89.96776662892853,-1.061903371071466
94.04436,93.33693808781744,-0.7074219121825536
93.70608,93.74480087711638,0.03872087711637562
90.61064,91.6739166626587,1.0632766626586942
20.95266,22.705985127698415,1.7533251276984139
96.1679,96.08618355115075,-0.08171644884924945
94.13245,94.11176388427252,-0.0206861157274858
94.26231,94.16608676880956,-0.09622323119043585
93.89294,93.94891541948417,0.055975419484170175
88.10168,87.4471621355952,-0.6545178644047951
95.24694,95.1243600050001,-0.1225799949998958
93.972,93.9286316738625,-0.04336832613749664
96.44885,96.40514449261906,-0.043705507380934705
81.00688,80.73410581563498,-0.2727741843650193
95.29412,95.29146556186507,-0.0026544381349395962
94.67284,94.661601163545,-0.011238836454992907
95.5475,95.51336132414016,-0.0341386758598361
79.72164,78.41856565797613,-1.3030743420238622
95.13335,95.22153360761912,0.08818360761912913
94.85119,94.81614104665701,-0.03504895334299363
96.05458,95.9663963477249,-0.08818365227510583
83.9446,85.57550750992058,1.6309075099205899
94.92032,94.96716367244707,0.046843672447067775
96.68698,96.52243211824072,-0.16454788175929025
95.37351,95.27001447908727,-0.1034955209127304
95.05563,95.012037307791,-0.04359269220898909
95.88227,95.76617548988098,-0.1160945101190265
82.03902,82.60026778968255,0.5612477896825538
13.68229,13.987154306798947,0.3048643067989474
94.34317,94.30331890170642,-0.0398510982935818
86.11196,88.00536668312162,1.8934066831216256
94.45357,94.79679003645502,0.34322003645502264
95.87879,96.00270905317463,0.1239190531746317
78.39218,82.29948505489428,3.9073050548942803
95.19612,95.1987457644048,0.002625764404811548
94.81197,94.7857902369842,-0.02617976301580427
93.81794,93.51703962574078,-0.30090037425921423
89.39124,88.79009366773815,-0.6011463322618482
95.71442,95.73155086551586,0.017130865515852634
70.59219,68.76355715353169,-1.8286328464683095
89.82606,87.01743342000002,-2.8086265799999808
95.21617,95.33034568968262,0.11417568968261094
95.47221,95.38376582701058,-0.0884441729894263
52.91814,54.63233862029224,1.7141986202922368
85.2247,85.02458904990739,-0.2001109500926077
93.94875,94.09440598474868,0.14565598474867159
95.82439,95.81919354242063,-0.005196457579359048
94.19281,92.98936356420639,-1.2034464357936088
96.71178,96.53893936456345,-0.17284063543655748
87.56392,86.60538254044964,-0.9585374595503566
94.07216,93.69194465547626,-0.38021534452373373
94.1452,91.68888697907411,-2.45631302092589
94.17949,94.2039333054365,0.02444330543649187
95.33091,94.53793612949724,-0.7929738705027631
88.67169,90.93631321617724,2.2646232161772417
86.79826,87.09993312301589,0.3016731230158882
95.11933,95.07995064993388,-0.03937935006612747
94.93871,95.01798520808207,0.07927520808206623
79.16147,81.57611276730171,2.4146427673017143
93.34807,93.40576359042338,0.0576935904233693
94.08448,93.99505963552907,-0.08942036447092505
77.97755,78.04309024468257,0.06554024468258035
87.38842,86.76065939892855,-0.6277606010714436
95.43906,95.30360133507936,-0.13545866492063396
93.66171,93.7145499497883,0.052839949788307194
95.97379,96.12408158847882,0.1502915884788223
96.59313,96.55031766323269,-0.04281233676731233
17.60686,17.848889156468246,0.24202915646824508
95.69489,95.67712169408736,-0.017768305912639448
82.03448,80.44907193981483,-1.5854080601851734
93.81784,93.75550090134908,-0.062339098650923574
94.5205,94.75538081535713,0.2348808153571298
94.83661,94.29870482547621,-0.537905174523786
27.57039,29.221091943809522,1.6507019438095227
93.73293,93.83614608876988,0.10321608876988364
95.3084,95.16874768459093,-0.13965231540908007
96.07877,96.19372533468255,0.11495533468254848
93.48172,93.99472539383596,0.513005393835968
95.05104,95.0237351777778,-0.02730482222220587
94.1131,94.2131406433731,0.1000406433730916
93.40591,93.40876581186502,0.002855811865018154
53.87552,57.04621124206351,3.170691242063505
94.76235,94.67673665624339,-0.08561334375660579
95.56324,95.52468099277773,-0.03855900722226124
93.83725,93.43912174568784,-0.39812825431215515
95.33497,95.3084351389285,-0.026534861071496607
95.85881,95.96233987473536,0.10352987473535791
93.47102,93.08308779467171,-0.38793220532828343
94.96254,95.11264148060845,0.1501014806084413
96.07756,95.90306930120366,-0.1744906987963475
95.35581,95.28723007246039,-0.06857992753961639
94.28529,94.2926891685847,0.007399168584697691
94.91621,94.8194768159524,-0.09673318404760778
35.45903,36.049322034603186,0.5902920346031877
95.2401,94.99405181603169,-0.24604818396831263
86.55934,85.89586335148152,-0.6634766485184826
92.83516,92.35834709173164,-0.4768129082683572
14.3401,14.110465290171962,-0.22963470982803713
94.34363,94.36189328059517,0.018263280595164133
94.88532,94.83184299543646,-0.05347700456353266
52.65736,53.66098993229562,1.003629932295624
94.71767,94.44919519058203,-0.26847480941796675
94.49617,94.5732149979629,0.07704499796290065
95.34552,95.31392612058684,-0.03159387941315117
95.59086,95.53207059056872,-0.05878940943128441
94.97537,95.41225413376978,0.4368841337697802
93.98762,93.84943100370374,-0.13818899629626458
81.1896,82.29969998058198,1.1100999805819782
90.18591,91.12643786382279,0.9405278638227799
52.33065,53.249785854497425,0.9191358544974264
91.69474,91.35253499515879,-0.34220500484120464
93.54703,94.29089285091278,0.7438628509127767
94.83302,94.8450135699338,0.011993569933792969
95.78857,95.74198091531751,-0.046589084682494786
94.61753,94.65997647108465,0.042446471084645054
96.22329,96.13468266814813,-0.08860733185187541
35.30693,35.689451374140184,0.3825213741401825
96.49288,96.14702872071427,-0.3458512792857249
94.60092,94.80439779130951,0.20347779130950983
90.56577,90.97874798359182,0.4129779835918157
94.89671,95.04096033448425,0.14425033448425495
95.01694,95.08173502092599,0.06479502092598466
1.751332e-05,6.9021935894992295,6.902176076179229
95.87036,95.86090681718261,-0.0094531828173956
90.52293,85.84001528944441,-4.682914710555593
94.31321,94.91367316572745,0.6004631657274473
95.4496,95.47494010119053,0.025340101190522546
93.43338,93.71694981269843,0.2835698126984312
94.24986,94.30939510091268,0.05953510091268299
21.6631,20.98265573273808,-0.6804442672619189
94.74045,94.67784618990736,-0.06260381009263938
93.41961,92.53048691306881,-0.8891230869311926
88.48561,90.11019260145505,1.6245826014550602
94.94834,94.89292754957673,-0.05541245042327603
96.72278,96.61181796325404,-0.11096203674595984
85.42268,86.06794211183863,0.6452621118386332
96.70327,96.65303760829367,-0.05023239170633076
95.09855,95.00284315924605,-0.09570684075394809
94.24998,94.2505045842196,0.0005245842196046624
95.83476,95.65002985727519,-0.18473014272481691
90.30818,91.26974338316141,0.961563383161419
92.68142,92.79279817534388,0.11137817534387295
95.03058,95.03332445174598,0.002744451745982701
86.66167,86.2272146519841,-0.43445534801590213
26.0986,26.747922280317468,0.6493222803174667
91.55632,90.55681976666665,-0.9995002333333503
80.43436,84.84668057354503,4.412320573545031
96.14197,96.05846207007929,-0.08350792992071376
89.22563,89.51067787115079,0.28504787115079466
95.7396,95.58590849324479,-0.1536915067552087
96.65445,96.51841391432545,-0.13603608567454728
95.2404,95.19048026043652,-0.04991973956347806
95.39729,95.45951859497349,0.0622285949734902
96.36064,96.36135175821427,0.000711758214265501
88.30416,88.89114440683862,0.5869844068386243
92.2403,92.2422487039947,0.0019487039946994855
52.73708,54.955842609709045,2.218762609709046
95.32634,95.08720822235448,-0.2391317776455253
95.76916,96.00214897900791,0.2329889790079136
93.4197,90.21351369279097,-3.2061863072090375
96.1888,95.95505788588385,-0.2337421141161542
21.65073,22.508452586574077,0.8577225865740772
76.13144,79.71680814313487,3.585368143134872
93.39045,93.30675625718244,-0.08369374281755881
91.62643,92.63952072325398,1.0130907232539812
94.76013,94.67863198784399,-0.08149801215601826
95.3442,95.33213902882274,-0.012060971177263013
95.25496,95.26454436920642,0.009584369206422139
93.93849,93.9379540570899,-0.0005359429101048363
91.8065,91.01681503908726,-0.7896849609127372
90.39983,90.48430154101847,0.08447154101847332
93.45574,93.55424081797617,0.09850081797615928
95.93576,95.8916020221561,-0.04415797784389497
96.44832,96.41217475353166,-0.03614524646833672
92.06999,92.65327695145506,0.5832869514550509
96.03149,96.00808602218247,-0.023403977817537225
90.44844,90.50094040251317,0.05250040251316079
86.2012,86.97996777238085,0.7787677723808457
94.36186,94.64668775135887,0.2848277513588755
92.34735,91.98527984261905,-0.3620701573809555
93.79667,93.72037243699734,-0.07629756300266877
93.68537,93.71416191198425,0.028791911984242802
94.73751,94.76545229202381,0.027942292023809046
96.54898,96.54055367543651,-0.008426324563487242
53.77408,53.780679965026486,0.006599965026488519
16.9264,17.115937212896817,0.18953721289681624
94.34418,94.68506619667984,0.3408861966798469
96.46579,96.24787705394179,-0.2179129460582061
92.07017,92.00420103824078,-0.06596896175922495
94.38884,94.47477167015874,0.08593167015874315
93.80438,93.58653297063493,-0.2178470293650605
86.72805,85.46255820880947,-1.2654917911905272
61.85303,67.58911647742059,5.736086477420592
94.95019,94.91901084869048,-0.031179151309530084
96.74407,96.70073978087304,-0.04333021912695756
95.61349,95.43065043669307,-0.18283956330692774
95.0049,95.18057157067466,0.1756715706746519
95.89044,95.87346486708998,-0.016975132910019397
63.61706,66.68806133563731,3.0710013356373125
93.00042,94.01053309439158,1.0101130943915706
27.16443,24.49972063592592,-2.6647093640740778
87.5611,90.95469418624339,3.3935941862433907
96.31428,96.18139121548829,-0.1328887845117066
94.32822,93.99794749285716,-0.33027250714283696
64.28135,61.00404117079364,-3.277308829206362
94.88111,94.81759876703707,-0.06351123296293792
95.23372,95.26663552832018,0.0329155283201743
95.23655,95.20293447195047,-0.03361552804952339
83.74424,83.19853801416666,-0.5457019858333467
43.30416,36.627759001230146,-6.676400998769857
87.56927,88.4997034726912,0.9304334726911918
27.07091,22.76837273051587,-4.30253726948413
94.12425,93.76005821411255,-0.3641917858874564
16.90089,18.431155627328042,1.530265627328042
95.14687,94.8860961135751,-0.26077388642490007
92.86083,92.9392660608201,0.07843606082009558
95.82585,95.98887785259262,0.1630278525926201
95.56789,95.54103591091271,-0.026854089087294142
94.86998,94.83737986681217,-0.032600133187827396
92.43597,92.38904428269844,-0.04692571730156203
93.34312,93.34761442301588,0.004494423015884763
92.75457,93.0467805920634,0.29221059206339817
94.43756,94.40875225064822,-0.02880774935178465
26.78949,27.008698553121697,0.21920855312169607
13.56867,13.80759893644662,0.23892893644662117
21.17708,22.054249377896824,0.8771693778968235
84.77966,85.46989380367727,0.6902338036772591
94.2464,94.40210708067467,0.15570708067467365
90.5016,89.56433204455024,-0.9372679554497552
95.06025,95.04743531059519,-0.01281468940480579
1.127258e-05,64.55186755111055,64.55185627853055
90.24615,92.45283193742065,2.2066819374206545
94.80859,94.78549915658735,-0.023090843412646223
94.38809,94.3407777057142,-0.047312294285802636
95.13248,95.17455575265879,0.042075752658789156
26.17236,27.272687726005298,1.1003277260052968
96.15194,96.06141438716931,-0.09052561283068883
96.20181,96.09308766253965,-0.10872233746034965
95.39817,95.4773478905952,0.0791778905952043
72.72958,76.46127064529105,3.731690645291053
95.65465,95.64246537079366,-0.012184629206345221
95.93674,95.89111565660055,-0.04562434339945298
80.30069,80.516759185992,0.21606918599199787
94.71197,94.1116247564153,-0.6003452435846981
95.64189,95.51941259603167,-0.12247740396833251
85.64418,85.50044608874457,-0.14373391125543833
86.80371,86.00763984354505,-0.7960701564549453
83.15809,85.16568070242066,2.007590702420657
96.15005,95.98926223757937,-0.1607877624206253
92.65521,92.56020795218257,-0.09500204781743093
94.53321,94.33939174341276,-0.19381825658723528
93.1264,29.528074833754314,-63.59832516624569
95.12252,95.31551545715608,0.192995457156087
95.59319,95.85916351207678,0.2659735120767692
95.51836,95.47361000215611,-0.04474999784389411
95.32377,95.30944221480159,-0.01432778519840383
94.96349,94.98667086091267,0.02318086091267446
96.78118,96.76842765599211,-0.012752344007893157
34.03406,45.77248339941754,11.738423399417542
91.05175,90.7217687762373,-0.3299812237627009
91.68414,91.25583042003964,-0.4283095799603558
77.35338,77.46860186033074,0.11522186033073467
94.98233,95.01774961653439,0.035419616534383636
96.46805,96.37123558361232,-0.09681441638768717
92.81176,92.5472070537698,-0.26455294623021075
95.21982,95.02384507767194,-0.19597492232806246
89.70252,89.82724869757337,0.12472869757336014
74.4712,75.40565544174603,0.9344554417460387
85.1041,85.59471574531747,0.49061574531747
86.81955,84.84161987782515,-1.977930122174854
93.10475,93.14114499845233,0.03639499845233729
96.10262,96.24291683708994,0.14029683708993446
17.6725,18.110863596540412,0.43836359654041246
84.46406,84.75817783673038,0.29411783673037917
95.21549,95.23238041589951,0.016890415899510458
94.76548,94.71824548216931,-0.047234517830688105
21.86734,24.528847031666672,2.661507031666673
94.82717,94.79192679933863,-0.035243200661369656
90.85065,90.98770670943122,0.13705670943122072
20.532,21.555793172804243,1.0237931728042433
88.96147,88.86847518067461,-0.09299481932539777
35.52221,35.574211789444426,0.05200178944442513
27.15459,22.961145911653453,-4.193444088346546
94.32871,94.3365129735847,0.0078029735847024995
87.4441,85.90340650671232,-1.5406934932876908
52.92214,56.66129452746033,3.739154527460329
95.39356,95.37842151503973,-0.015138484960260712
94.5964,94.89773472142856,0.3013347214285602
93.06003,93.45451193861115,0.39448193861115044
95.44348,95.4063106387301,-0.03716936126988912
94.80736,94.8221088186244,0.014748818624397586
95.41933,95.4031695625,-0.016160437500005287
94.47245,93.6272203140609,-0.8452296859390884
96.67609,96.41153495063497,-0.26455504936502905
95.60672,95.4802685305556,-0.12645146944439034
96.04685,95.63953689285718,-0.4073131071428264
84.77342,83.73387241730158,-1.0395475826984182
85.43994,83.08175915638881,-2.358180843611194
95.40478,95.48992891575404,0.08514891575403283
95.68362,95.7312746419444,0.04765464194439062
93.97553,93.95928591805556,-0.016244081944449817
85.54862,85.42488330985451,-0.12373669014549193
95.92061,95.85710772650798,-0.06350227349201987
95.47578,95.4545821580159,-0.02119784198410457
95.01892,94.94482737386248,-0.07409262613751366
96.27388,96.31669179178569,0.04281179178568095
96.54925,96.43402917339947,-0.11522082660053456
21.05881,22.61521314839947,1.5564031483994683
94.72341,94.40877925285716,-0.3146307471428429
95.93719,95.84268059880944,-0.09450940119056384
93.84315,93.67350377505292,-0.1696462249470727
95.52387,95.51270703570103,-0.011162964298975453
13.68691,13.759209725370361,0.07229972537036211
89.68464,89.95623336904762,0.271593369047622
89.58834,89.41788331345242,-0.17045668654758117
96.2847,96.27280337591266,-0.011896624087341934
95.4329,95.33787365853169,-0.09502634146831213
22.02597,17.28122071940477,-4.744749280595229
83.41026,85.20555503665338,1.7952950366533855
96.62709,96.30284736798936,-0.3242426320106375
96.27607,96.12590940931214,-0.15016059068786092
94.56792,94.7889025435847,0.2209825435846966
94.39242,94.18610874226192,-0.20631125773807923
96.25091,96.1399656993592,-0.11094430064080996
51.9346,56.142869290132246,4.208269290132243
96.15618,96.07316629797619,-0.08301370202381975
94.49132,94.50790065777774,0.01658065777773743
94.25281,94.25871627648151,0.005906276481510986
95.37119,95.32036023615066,-0.05082976384933602
96.66679,96.64279517044972,-0.023994829550289865
91.15981,91.90694342280433,0.7471334228043389
89.21081,89.39653795588625,0.18572795588625013
90.67894,91.66791603441807,0.9889760344180729
93.56997,93.66747596813482,0.0975059681348256
89.5998,90.86277698977521,1.2629769897752112
95.99859,95.94639980865091,-0.05219019134908365
93.92804,94.14075220718259,0.21271220718259087
92.41604,92.27017007014071,-0.1458699298592876
85.37439,87.52058765660534,2.146197656605338
96.39953,96.24521603690478,-0.15431396309521972
94.50107,94.58248004105809,0.08141004105809202
96.75889,96.69242027444443,-0.06646972555556374
96.58703,96.55943653002647,-0.02759346997352452
85.59898,84.7383246269974,-0.8606553730026008
26.27628,26.83669731132276,0.5604173113227588
94.81808,94.16594122007947,-0.65213877992052
96.05077,95.84207471657409,-0.20869528342591082
90.16704,91.16523588870369,0.998195888703691
93.20143,92.45796431456341,-0.7434656854365898
62.41085,61.459891968650794,-0.9509580313492094
94.69974,94.66221975662705,-0.03752024337295268
88.84564,88.96208997519835,0.11644997519834988
34.84716,40.084631570555516,5.237471570555513
95.91247,95.93376950484135,0.02129950484135179
90.62252,85.16182866281747,-5.460691337182524
95.9281,96.0596994948016,0.1315994948016055
92.51812,91.66043465493388,-0.8576853450661162
95.00022,94.8746926291931,-0.1255273708068927
52.72082,52.69520360335976,-0.025616396640245398
69.42151,68.07730665462962,-1.3442033453703743
93.96548,94.069505185873,0.1040251858729988
80.01405,80.76242951559522,0.748379515595218
87.40199,86.47056624177247,-0.931423758227524
85.53387,85.15006905690477,-0.38380094309522406
95.35218,95.4045419528969,0.05236195289690215
94.83963,94.68016499318789,-0.15946500681211262
93.7667,93.47636667011909,-0.29033332988090876
93.08693,92.39796890511913,-0.6889610948808667
93.25405,93.37453161047621,0.12048161047620454
94.38244,94.28125463920642,-0.1011853607935791
94.38941,94.15001014547619,-0.23939985452381052
94.64504,94.56963476342592,-0.0754052365740705
92.85503,90.05204500214286,-2.8029849978571377
91.23491,91.0235220821428,-0.2113879178571949
95.46764,95.44014889773813,-0.027491102261876676
95.1187,95.26277380932544,0.1440738093254339
96.1281,95.93336536400797,-0.19473463599203455
88.51889,91.6451394040079,3.1262494040079076
94.57723,94.51603184432545,-0.06119815567454623
13.40606,14.062126916111108,0.6560669161111079
94.87727,94.93429683666672,0.05702683666672215
96.0898,95.98093730123014,-0.10886269876985466
95.24979,95.29906232419312,0.04927232419311167
95.42363,95.11026564636249,-0.31336435363751036
90.59896,88.9677013525793,-1.631258647420708
94.29546,94.26265132785717,-0.032808672142834894
86.06797,87.41134074637564,1.3433707463756406
95.94927,95.88935763334659,-0.059912366653406934
95.95658,95.90176683379637,-0.05481316620362975
94.90255,94.79532866562167,-0.10722133437833747
93.85721,93.88954025023807,0.032330250238075564
93.196,92.99934765309517,-0.1966523469048269
94.39688,94.36560542867718,-0.031274571322811084
54.15838,60.77691226879032,6.618532268790318
92.61271,92.5569940856879,-0.055715914312102655
94.55886,94.66807436218254,0.10921436218254144
95.01422,95.05181329396828,0.03759329396828548
93.16206,92.83846828674605,-0.323591713253947
77.92998,78.57943685480157,0.6494568548015707
94.93746,94.62693498534394,-0.31052501465606497
95.7237,95.73688280341267,0.013182803412675526
91.13227,91.46926359920636,0.33699359920635175
94.01398,92.144314831336,-1.8696651686639996
94.18187,94.38971453851855,0.20784453851854323
88.38969,88.54113298113757,0.1514429811375635
93.94668,93.93293351769844,-0.013746482301556284
95.77798,95.70889365410048,-0.069086345899521
87.94196,86.9982501209404,-0.9437098790595968
95.63331,95.75421057929894,0.12090057929894726
91.49962,91.08481494697095,-0.4148050530290419
96.0502,95.9495245040477,-0.10067549595230219
94.15744,94.82302979633596,0.6655897963359649
90.49438,89.66155006887561,-0.8328299311243939
93.6752,93.6389187064683,-0.03628129353170095
95.43521,95.41671752384917,-0.01849247615082561
90.37735,90.31275285541007,-0.06459714458993915
87.25786,86.88518088685183,-0.37267911314816615
91.46005,91.95069820115079,0.49064820115079044
96.5527,96.52542757416666,-0.027272425833345437
93.2426,92.78965475984126,-0.4529452401587406
94.58614,94.52375815638896,-0.06238184361103549
95.34235,95.30726017075398,-0.03508982924601867
94.01212,94.42029199277775,0.40817199277775273
93.80845,93.80537973186502,-0.0030702681349765726
94.29374,94.36903738149468,0.07529738149467846
64.87611,65.3999598596636,0.5238498596635992
94.93407,94.84116727140204,-0.09290272859796289
94.51375,94.50477145130961,-0.008978548690393495
95.35594,95.18553683523798,-0.17040316476202122
95.55105,95.53740318158727,-0.013646818412738071
16.70795,17.296216024047624,0.5882660240476234
95.29018,95.11390597457672,-0.1762740254232824
91.56859,91.15916616223544,-0.4094238377645638
96.71044,96.7071783265477,-0.003261673452300329
96.75326,96.68639259169315,-0.06686740830684812
96.56317,96.0885021432142,-0.4746678567857998
95.11801,95.26669718882272,0.14868718882271992
95.45656,95.52012062138901,0.06356062138901564
95.28285,95.25293464043644,-0.029915359563560173
93.37157,93.4884205257937,0.11685052579369426
94.04452,93.86937869686516,-0.17514130313485055
96.04574,95.84510374853181,-0.20063625146818254
94.19748,93.88634357698417,-0.31113642301582445
22.16218,17.11753476063492,-5.044645239365078
85.89919,88.41003525876991,2.510845258769905
27.16435,24.79221508984127,-2.372134910158728
95.52124,95.51686208134923,-0.004377918650774859
95.41913,95.38422752346565,-0.03490247653434153
91.4675,91.17415536307236,-0.29334463692764245
13.78573,13.837966287619054,0.05223628761905452
77.49158,78.38175628833328,0.8901762883332793
96.77277,96.76318953535723,-0.009580464642766628
94.77499,94.81912410920638,0.04413410920638228
93.9731,94.56590235798943,0.5928023579894273
86.81283,86.05088301999994,-0.7619469800000616
96.63052,96.48277269547621,-0.14774730452379004
80.7728,82.31469247222213,1.5418924722221306
94.97163,94.97031092219584,-0.0013190778041689555
21.82191,21.99411730904763,0.17220730904763215
91.43479,90.73467483861114,-0.7001151613888652
94.31173,94.09065429888891,-0.22107570111108998
67.7605,77.32359323559531,9.563093235595318
88.89015,88.32545423480163,-0.5646957651983797
96.36038,96.33161130843918,-0.02876869156082762
35.64482,38.766857655701074,3.122037655701071
96.75828,96.74803028525126,-0.01024971474873837
90.62209,91.52054006322753,0.8984500632275285
79.4145,82.13367050857134,2.719170508571338
26.62365,29.238386702459138,2.614736702459137
13.61017,14.0430254859127,0.4328554859127003
88.94974,88.50078949079358,-0.4489505092064263
26.18816,27.063122337129624,0.8749623371296238
94.65701,94.56745755235453,-0.08955244764547388
95.62138,95.5807289071958,-0.040651092804196765
91.49143,92.38794078375672,0.8965107837567245
93.65262,93.82034660813495,0.16772660813495577
93.24558,93.06734684996024,-0.17823315003975893
94.16966,94.19984405914028,0.030184059140282216
89.31991,88.86321681548935,-0.456693184510641
94.8646,94.80951424734131,-0.05508575265868387
93.24695,92.8357554704786,-0.4111945295213957
93.09597,92.92867543194448,-0.16729456805551024
93.88432,93.99375776599209,0.10943776599208377
93.3675,93.1218010671741,-0.24569893282590272
95.32216,95.32341308797612,0.001253087976124334
94.45193,94.15389159702384,-0.2980384029761609
94.01269,94.15660425588622,0.14391425588621587
34.42666,35.323310332248624,0.8966503322486261
95.95944,96.08846719363638,0.12902719363637516
94.81927,94.82473832170636,0.005468321706359802
82.74294,81.45996872405365,-1.2829712759463519
95.03888,94.93530203506614,-0.10357796493386218
93.45825,93.35855178023812,-0.09969821976189053
93.28342,94.17984687166674,0.8964268716667334
49.0672,54.67112170468254,5.603921704682541
93.48963,91.70041464965607,-1.7892153503439374
13.69626,13.768641950634919,0.07238195063491837
92.18531,93.13262898705031,0.9473189870503091
93.15894,92.83179580404759,-0.32714419595241395
94.80601,94.71109629107147,-0.09491370892853013
95.89664,95.67876304461636,-0.2178769553836446
94.43898,94.82883757775134,0.3898575777513429
84.95818,84.20795176191798,-0.7502282380820162
80.73715,79.54004412996034,-1.197105870039664
95.54619,95.49447317849206,-0.05171682150793799
21.13769,22.93074014218254,1.7930501421825404
94.12427,94.40195405849207,0.27768405849207056
53.92193,53.382564454788344,-0.539365545211659
89.78777,91.20132829007935,1.4135582900793509
93.35433,93.45422913158731,0.09989913158730701
84.19285,85.0279031389815,0.8350531389814932
96.27453,96.24854291190482,-0.025987088095178024
92.68554,92.78923439867722,0.10369439867722008
91.13937,90.70631534019839,-0.43305465980161273
93.19846,93.35824890186501,0.1597889018650136
43.33684,36.92862436551586,-6.408215634484144
92.74275,92.08551687587298,-0.6572331241270177
91.48749,92.05520680187838,0.5677168018783902
94.99019,95.01286889484135,0.02267889484134855
95.63404,95.566066105,-0.0679738949999944
95.5934,95.5825445630953,-0.010855436904705584
94.23348,93.47565262666663,-0.7578273733333702
95.28718,95.41938427980153,0.1322042798015275
90.55709,87.556595890238,-3.000494109762002
72.4548,71.19330713084656,-1.261492869153443
95.95568,95.91198251890204,-0.043697481097964896
85.12564,84.6898545173052,-0.4357854826947971
93.89978,93.84322975845237,-0.05655024154764021
94.06752,94.02341511624337,-0.04410488375663135
85.67021,85.96066005962953,0.29045005962953496
95.09012,95.017590713545,-0.07252928645499424
94.15886,93.95805798244716,-0.20080201755284577
84.10258,84.439331726799,0.3367517267989939
20.90374,21.74973813730159,0.8459981373015921
94.03625,93.74713447907416,-0.2891155209258329
96.45978,96.14623211428578,-0.31354788571421466
95.87325,95.75228209066138,-0.12096790933861712
94.94425,94.62717717046291,-0.31707282953708216
95.88346,95.67180975523816,-0.21165024476184158
95.06735,94.71342767456346,-0.35392232543654245
96.06828,96.01244746781745,-0.055832532182549244
94.95786,94.93030462299669,-0.0275553770033099
96.0231,96.02468927578042,0.0015892757804181201
95.6235,95.64326920349203,0.01976920349201805
94.39099,94.37518272785717,-0.015807272142836837
94.85229,94.83761074624336,-0.01467925375663981
94.10886,94.15248671845235,0.04362671845234445
62.93826,70.98011224417658,8.041852244176582
88.701,89.58821421407409,0.887214214074092
94.66868,94.54895600531741,-0.11972399468258743
95.38523,95.31744113797619,-0.06778886202381784
92.41188,92.27028958908727,-0.14159041091272684
93.85696,93.81175815682533,-0.04520184317466658
93.63261,93.82457963813482,0.1919696381348217
95.35845,95.36732622929897,0.008876229298962812
95.87617,95.89527647936511,0.019106479365106566
94.25343,94.19584000121687,-0.057589998783129204
96.75933,96.6289110881349,-0.13041891186510668
92.18663,93.0722114658731,0.885581465873102
87.21937,86.58675490817456,-0.6326150918254427
21.84255,24.58900783842593,2.746457838425929
73.64233,68.32923005296293,-5.313099947037074
95.5266,95.52984768324075,0.0032476832407439815
13.78798,15.28418309107143,1.4962030910714308
91.69912,91.04935447333327,-0.6497655266667266
59.69401,56.95875269653559,-2.735257303464408
74.89266,75.54500233964289,0.6523423396428853
80.94105,81.01349161944442,0.07244161944441885
89.22739,89.6506495551984,0.4232595551983991
93.06811,93.10614083055552,0.03803083055551326
93.43643,56.35043378574752,-37.08599621425248
90.68127,91.81745056268521,1.1361805626852117
87.07382,86.7636877232805,-0.31013227671950006
14.27762,14.338367125330688,0.06074712533068727
73.54522,72.2942089237037,-1.2510110762962938
55.05961,67.87289245686725,12.813282456867249
88.32283,88.51325402462969,0.1904240246296922
94.47437,94.55744687043652,0.08307687043652834
95.69505,95.56907757066142,-0.12597242933857444
31.89634,65.54311995871572,33.646779958715726
88.05344,87.4139869801719,-0.6394530198280961
94.68226,94.45779898677249,-0.22446101322751133
89.81293,90.17060640048942,0.3576764004894244
96.56455,95.33094143964284,-1.2336085603571547
94.46263,94.2883681160714,-0.17426188392860809
94.63278,94.72896132880943,0.0961813288094362
95.22874,95.2034155899604,-0.02532441003960173
94.6623,94.6919008935318,0.02960089353179285
95.50501,95.42988571866401,-0.07512428133598803
80.02978,83.06769833723556,3.0379183372355527
85.02405,82.85252645224868,-2.1715235477513204
92.99122,92.63355236952617,-0.3576676304738271
95.42796,95.48660744899469,0.058647448994690876
93.89428,93.9130421018783,0.018762101878309068
96.29855,96.32603051408731,0.027480514087301344
26.49472,27.132700322777755,0.6379803227777536
93.17774,92.9961606255556,-0.18157937444439654
94.74974,95.0199127383333,0.2701727383333008
93.57647,93.43565824079371,-0.14081175920628652
64.08121,68.33269719801586,4.251487198015866
84.91354,83.78090433938198,-1.1326356606180212
94.2552,94.24793098747364,-0.007269012526364804
92.9147,92.85221614103172,-0.06248385896827813
76.18474,80.1766127094048,3.991872709404788
13.36979,14.321629271137578,0.9518392711375778
96.46705,96.42493901976181,-0.04211098023819204
92.47588,92.01397639944452,-0.4619036005554875
95.52222,95.80833156965615,0.2861115696561427
90.37622,88.9048926388361,-1.471327361163901
88.64674,87.9367853832672,-0.7099546167327873
93.85663,94.05757734884926,0.2009473488492688
95.29135,95.55178553001329,0.26043553001329656
93.41227,30.816028368716736,-62.59624163128327
94.89496,94.84561462513227,-0.04934537486772683
16.90093,17.264891492209,0.3639614922090004
83.96321,83.91170484309276,-0.05150515690723978
88.69063,89.00877946067467,0.3181494606746753
92.34519,92.31537283722227,-0.029817162777732165
16.80241,17.092024076071457,0.2896140760714587
95.10915,95.24020671194452,0.13105671194452384
95.15316,95.23749348056883,0.08433348056883005
94.4879,94.59084243720892,0.10294243720892382
94.73731,94.69720019198408,-0.04010980801591302
93.9711,94.08168604283074,0.11058604283073237
94.04995,94.0454005956085,-0.004549404391497092
94.27896,94.3779745763096,0.09901457630959953
92.63377,92.92647708572754,0.29270708572754245
94.93334,94.86145787329005,-0.07188212670995142
91.63184,86.34529076862434,-5.286549231375659
93.70475,93.73262978202382,0.0278797820238168
94.23093,94.25070583652123,0.019775836521233714
89.67167,89.84891103813491,0.177241038134909
95.91843,95.73716420888887,-0.18126579111113017
88.46832,86.4579991494841,-2.0103208505159103
94.84778,94.69837032892858,-0.14940967107142455
95.3066,95.41185376162703,0.10525376162702571
41.66818,55.423993754678925,13.755813754678925
95.51588,95.55055580972228,0.034675809722287454
91.28227,91.28271177101847,0.0004417710184725365
95.66357,95.59210253547622,-0.07146746452379205
88.07708,87.04173024007932,-1.0353497599206776
92.59346,92.65325676646823,0.059796766468238616
17.47069,17.547939289603164,0.07724928960316291
33.58144,27.54899993537035,-6.03244006462965
35.30582,35.569286878888896,0.26346687888889875
94.75327,95.0006042662963,0.24733426629630628
96.31845,96.2837154594709,-0.034734540529100855
95.32563,95.42686500011908,0.10123500011907538
95.01422,94.85293947447086,-0.1612805255291363
26.84119,22.156323028240745,-4.684866971759256
96.52592,96.29465829078043,-0.23126170921956657
96.22777,96.05135707768522,-0.1764129223147819
94.02653,93.39108827625661,-0.6354417237433836
83.68924,84.39274130928573,0.703501309285727
91.05183,90.66066470506975,-0.39116529493024643
93.74008,93.58028875904766,-0.15979124095234454
95.16328,95.15614612111112,-0.007133878888879508
93.23822,93.23978365694451,0.001563656944512104
95.54387,95.52371072642856,-0.020159273571437097
95.66109,95.52521799460311,-0.13587200539689093
96.22035,96.11550655535711,-0.10484344464288142
95.52356,95.34713153369054,-0.17642846630945996
74.38851,79.15808030828049,4.7695703082804926
34.89272,35.41042258661375,0.5177025866137512
95.35131,95.36493197205021,0.013621972050216868
90.60894,88.80397013703698,-1.80496986296302
95.37286,95.48134048820104,0.10848048820103884
95.78486,95.62261946597886,-0.16224053402113725
95.65612,95.58476169130957,-0.07135830869043502
86.6782,88.69678991805557,2.018589918055568
94.00949,93.92292857563491,-0.08656142436508674
96.22288,96.07329075302914,-0.14958924697086218
82.5274,81.59682003978833,-0.9305799602116736
96.0637,96.07211148548949,0.008411485489489223
82.35143,83.07769219883595,0.7262621988359541
84.3127,85.36512612211637,1.0524261221163584
95.36649,95.36856726925924,0.0020772692592458952
94.01296,94.09574460333323,0.08278460333322357
95.7024,95.83032891107145,0.1279289110714501
94.90525,95.297420321693,0.39217032169300126
94.38982,94.43537551284386,0.045555512843861834
94.43405,94.40671772436518,-0.027332275634819325
93.78414,93.76520659646832,-0.018933403531676163
84.47239,85.12322763666681,0.6508376366668074
93.42752,93.26321469007942,-0.16430530992057868
94.88739,95.00917029908729,0.12178029908729116
95.40966,95.47018071970892,0.06052071970891859
94.87073,95.04747462264548,0.17674462264548652
93.19678,93.24974755749994,0.0529675574999402
94.47626,94.60457730616409,0.12831730616409232
93.69773,93.52489670255287,-0.17283329744714138
95.40799,95.4298835556085,0.021893555608500037
94.51185,94.31424717944444,-0.19760282055555933
94.60406,94.24373285543649,-0.360327144563513
94.5691,94.2343305567593,-0.33476944324070246
69.32318,64.0899721217857,-5.233207878214287
93.68373,93.77432464115073,0.09059464115073013
91.76537,92.00398363629631,0.23861363629630716
94.01796,93.94617216772008,-0.07178783227992369
78.99613,79.01685860559522,0.020728605595223826
81.18651,84.3931980345239,3.206688034523907
90.86476,90.76400266328038,-0.10075733671962439
95.21414,95.08256163476197,-0.13157836523802757
89.66914,89.94377692464289,0.27463692464289124
88.63707,91.45039374805555,2.813323748055552
93.54796,93.95070497843928,0.4027449784392729
94.37102,94.32701701121695,-0.04400298878304909
95.0325,95.21111693133602,0.1786169313360233
71.4539,72.40718506173283,0.9532850617328279
95.35072,95.59115812603181,0.2404381260318189
87.57642,88.93790382178581,1.3614838217858107
85.25506,85.63697688613755,0.38191688613754593
96.71847,96.2408974449207,-0.4775725550792913
95.88529,95.87947665332018,-0.005813346679815368
93.81197,94.07073816720899,0.2587681672089843
96.19124,96.19478439224861,0.0035443922486138035
93.17336,93.3628985367857,0.18953853678570454
94.91942,94.9200991135847,0.0006791135846953011
86.90801,85.89802536604503,-1.0099846339549714
93.81233,93.82768574317457,0.015355743174566783
95.58903,95.55881692001326,-0.030213079986737057
93.93997,93.77167132281754,-0.16829867718246305
96.62589,96.60316718847885,-0.022722811521148856
93.41447,92.90002139396833,-0.5144486060316638
95.16005,95.03390215555557,-0.12614784444443217
94.75426,94.85595883451056,0.10169883451055739
94.97046,94.9368089615609,-0.03365103843910333
94.1084,94.09551210607147,-0.012887893928535732
92.77527,92.74138033431218,-0.03388966568782337
94.96154,94.86529567544974,-0.09624432455025556
87.33824,88.3259701069841,0.9877301069841025
95.66047,95.63319891781738,-0.027271082182622308
93.68931,93.64694846785713,-0.04236153214287697
96.74902,96.73835216476196,-0.010667835238038492
86.96229,87.32172263447093,0.35943263447093443
95.21162,95.16817906997355,-0.04344093002644911
94.35898,94.3701826950264,0.011202695026398146
94.85156,94.7264709918783,-0.1250890081217051
94.74351,94.5101937589418,-0.2333162410582048
94.97072,94.92853533141539,-0.04218466858461056
95.27009,95.14279995166665,-0.12729004833335011
95.61209,95.52647935047614,-0.08561064952385777
95.03556,95.01790906761899,-0.01765093238101656
93.06117,93.02551649932532,-0.03565350067468387
93.9053,94.10402558310847,0.19872558310846955
88.05663,88.00747444218254,-0.04915555781745695
95.44972,95.45830133821067,0.008581338210674971
95.90725,95.7768131277056,-0.13043687229441048
96.12917,96.16085073220898,0.03168073220898293
22.19596,17.976857754603188,-4.219102245396812
83.76386,83.90991958380953,0.14605958380953155
93.63664,93.67106230708156,0.034422307081555914
94.10151,94.14069510156088,0.03918510156087507
94.86527,94.81109879466936,-0.05417120533063269
95.04548,95.39042080249993,0.3449408024999343
14.27277,13.774896704722217,-0.4978732952777829
94.07514,94.12896965538354,0.05382965538353801
94.33005,94.30808002658729,-0.02196997341270901
93.75598,93.66601934505293,-0.08996065494706329
96.75835,96.75072129256615,-0.007628707433838144
95.09913,95.07467277083337,-0.024457229166628736
90.1383,90.175538273836,0.03723827383599598
76.18539,77.17830405428566,0.9929140542856629
95.29736,95.09873082809533,-0.19862917190467044
85.87793,85.95100176845594,0.07307176845593233
95.24234,95.22789631757936,-0.014443682420633763
95.66057,95.59603581069192,-0.06453418930809107
94.13933,94.15468361816738,0.015353618167381455
94.39538,94.35760121608477,-0.03777878391522904
95.5666,95.59652010568784,0.029920105687850196
92.75951,93.1847098070238,0.42519980702378746
92.79286,93.33046484279097,0.5376048427909694
95.34207,95.36494958839943,0.022879588399419504
90.30291,89.2542061993255,-1.0487038006745024
83.39124,83.9388228695767,0.5475828695767007
73.85721,74.58697412596563,0.7297641259656302
83.45881,83.60446786031747,0.14565786031747052
93.56046,93.61847020962958,0.05801020962957182
93.92421,93.90557150776463,-0.018638492235368176
93.88017,93.92823828543656,0.048068285436556835
91.03803,91.79865733247355,0.7606273324735469
88.25122,92.12182176936507,3.8706017693650665
95.15986,95.16378873936503,0.003928739365036904
71.15928,69.94132085374338,-1.217959146256618
86.36556,89.37495990867725,3.0093999086772527
93.47387,93.45929212202387,-0.014577877976137188
94.90004,94.88235894496042,-0.0176810550395885
94.62715,94.6261027768122,-0.0010472231877969307
94.60895,94.61227189157421,0.0033218915742168065
94.49145,94.47809856115079,-0.013351438849213082
94.54703,94.21914411757938,-0.327885882420631
34.98589,35.22179600087302,0.2359060008730225
93.98341,94.419151003836,0.4357410038360001
94.2755,93.48923914145504,-0.7862608585449493
91.1983,90.44830304876983,-0.7499969512301732
91.45271,91.43792928583335,-0.014780714166647613
94.37545,94.36246392208999,-0.01298607791001416
95.25358,95.23190071501323,-0.021679284986774405
95.46801,95.45046292218252,-0.01754707781748266
95.7812,95.75152454849199,-0.02967545150801243
88.6916,91.23066863932539,2.539068639325393
95.92272,95.95483955019844,0.03211955019844481
95.28918,95.32697869678579,0.03779869678578507
95.34733,95.61461986502651,0.26728986502651253
94.00107,94.0540773267593,0.053007326759299644
16.935,17.759762940912704,0.8247629409127057
13.84802,14.104554174603182,0.25653417460318195
77.00839,77.47296656705028,0.4645765670502726
73.05186,72.779388650285,-0.27247134971500486
95.48345,95.43250281107146,-0.05094718892854644
88.17653,89.35621111698403,1.1796811169840282
94.56864,94.49640258263229,-0.07223741736771672
93.53769,93.41690047932542,-0.12078952067457749
95.35073,95.29805466136247,-0.0526753386375276
85.12077,84.95678235039688,-0.16398764960311496
20.54078,21.505661168345558,0.9648811683455563
95.58101,95.68053006570116,0.09952006570115657
92.6861,92.80802956583332,0.12192956583332659
94.57833,94.00716886761901,-0.5711611323809791
95.03687,95.09809314687838,0.061223146878390367
51.68598,52.49240606978836,0.8064260697883583
96.50913,96.01187696575403,-0.497253034245972
94.84825,93.67357949071435,-1.1746705092856473
96.37271,96.28832768317466,-0.08438231682534081
92.37685,92.36459301559533,-0.012256984404672266
96.18823,96.22576741378305,0.037537413783041984
86.41216,86.32629248174611,-0.08586751825389172
51.57954,52.83433905652118,1.254799056521179
85.32427,84.64319589723549,-0.6810741027645122
93.80068,93.99496096776453,0.1942809677645272
81.1906,82.90705375533072,1.7164537553307184
83.35421,84.4802823282407,1.12607232824071
95.84142,95.81429807484373,-0.027121925156265547
94.88597,94.87054096373011,-0.015429036269893004
96.10466,95.9975503204763,-0.10710967952370254
46.68771,65.75357982129064,19.06586982129064
89.86333,90.266445376627,0.4031153766269995
95.47874,95.46101394591632,-0.01772605408368122
87.28557,87.30633461697217,0.02076461697215848
96.17461,95.93027451537031,-0.24433548462968702
89.15845,91.57646236416667,2.418012364166671
95.40848,95.50887606579363,0.1003960657936318
96.73465,96.72387489820106,-0.010775101798941478
93.07592,92.64489090277785,-0.4310290972221509
92.58312,92.29667502855823,-0.2864449714417674
96.297,96.22795891695765,-0.06904108304235024
63.80182,63.98035368534365,0.17853368534365188
95.66124,95.78495788443126,0.12371788443125808
93.34203,93.33195853261898,-0.01007146738101028
26.17338,27.07290443027775,0.8995244302777472
20.81886,21.177866049779922,0.35900604977992145
34.64174,35.51274064251321,0.8710006425132093
86.38068,85.53186621223665,-0.8488137877633477
33.73189,30.052634193293663,-3.679255806706337
81.11321,82.90040451828041,1.7871945182804154
93.54651,93.78857485158723,0.24206485158723012
95.17481,95.13649102222232,-0.03831897777767779
95.51451,95.50796701555568,-0.006542984444322997
34.9688,35.3405653069312,0.371765306931195
95.85498,95.7797371439153,-0.07524285608469938
20.48485,21.10064875572752,0.6157987557275177
95.02138,95.0731435179895,0.05176351798949952
88.87857,89.51369722908726,0.63512722908726
93.52482,92.97105666671952,-0.5537633332804859
84.7803,85.01416123743388,0.2338612374338851
96.74444,96.67582690828047,-0.06861309171952712
96.39208,96.34596719411373,-0.046112805886281194
91.60794,92.81913136230162,1.2111913623016193
86.95338,85.1543478056481,-1.799032194351895
93.94301,93.86569862912694,-0.07731137087306195
95.43378,95.52015357477516,0.08637357477516616
95.29816,95.22938761375654,-0.06877238624345239
93.23838,93.28348997891538,0.04510997891537727
96.53088,95.95490678762272,-0.5759732123772778
96.1754,96.14987507062047,-0.02552492937952877
95.66452,95.7488158065873,0.08429580658730629
94.8285,93.81698764039679,-1.0115123596032163
22.18145,18.62339750140212,-3.558052498597881
93.22229,93.70335712698402,0.48106712698401566
91.01823,91.60834939654758,0.5901193965475784
94.00595,93.45667553960311,-0.5492744603968873
76.8898,78.30429806634916,1.414498066349168
95.91859,95.9183207875794,-0.00026921242059074757
92.82831,92.07118358497354,-0.7571264150264625
86.50529,86.57141083057,0.06612083057000007
94.74339,94.53639866201061,-0.2069913379893933
94.90707,95.16838659317463,0.26131659317462663
77.17831,78.57207136436506,1.3937613643650621
83.50525,85.41185672472217,1.9066067247221667
94.77854,94.78420713796065,0.005667137960642776
95.03965,95.01569214085978,-0.023957859140210758
87.40649,88.45296932002653,1.0464793200265206
96.78127,96.76645049318665,-0.0148195068133532
94.26678,94.26620173091268,-0.0005782690873132879
62.12495,59.39916464011787,-2.7257853598821313
94.59888,94.83285872031749,0.233978720317495
96.77047,96.75258893101494,-0.017881068985062143
79.02828,79.29379413678568,0.2655141367856828
16.83633,18.139045049603176,1.3027150496031759
92.94928,93.29351464888893,0.3442346488889285
82.84485,82.95546464610504,0.11061464610504856
94.56582,94.3076602271032,-0.2581597728968035
94.86431,94.86905550017202,0.004745500172020911
95.11151,95.21644928952381,0.10493928952381282
94.6532,94.6311259912301,-0.022074008769891407
93.95167,93.66635825714289,-0.2853117428571039
16.61309,17.183298341848246,0.5702083418482466
92.802,92.99437447190469,0.19237447190468515
95.75994,95.83061544373024,0.07067544373023793
94.84193,93.63259677539682,-1.209333224603185
95.71005,95.68139575742067,-0.028654242579321476
95.50168,95.50734169150793,0.005661691507938826
95.97032,95.92715073642863,-0.04316926357137163
92.87415,93.02030657126994,0.14615657126994108
27.49822,28.36706926404761,0.8688492640476113
95.52895,95.71824085648153,0.18929085648153432
46.47658,49.5745275645262,3.0979475645262013
93.65777,93.72616548238094,0.06839548238093585
94.79774,94.77533330238097,-0.02240669761903291
94.37762,94.02716527270204,-0.3504547272979579
95.37976,95.50899050103172,0.12923050103171363
94.44168,94.40915358611115,-0.032526413888859906
94.56384,94.57115196623009,0.007311966230091116
21.7556,21.781328713280423,0.025728713280422255
95.53337,95.53572049555564,0.0023504955556319373
93.69125,93.72655265253971,0.03530265253971265
68.49741,73.21291482007935,4.715504820079346
94.72823,94.67092904886238,-0.057300951137619904
35.53367,35.71578083206348,0.18211083206347922
93.34118,93.2702255416006,-0.07095445839939885
95.50724,96.0058061294974,0.4985661294974051
96.5611,95.84658828060955,-0.714511719390444
95.68039,95.44750060067464,-0.23288939932535868
95.05681,95.0062291657672,-0.050580834232803795
94.6862,94.55921315821438,-0.12698684178562303
94.39216,94.35988422724863,-0.03227577275137605
52.14236,52.51546630587301,0.37310630587301574
53.83435,55.30933604449128,1.4749860444912812
93.91711,93.91052632300259,-0.006583676997408361
21.02216,21.857893349616397,0.8357333496163974
73.96097,72.38363909513228,-1.577330904867722
95.81478,95.67602039301579,-0.13875960698420897
93.00864,92.69301877210323,-0.31562122789677005
94.52498,94.57801377690461,0.05303377690461275
94.8734,94.8485638465079,-0.024836153492103108
74.46199,76.98531212804231,2.5233221280423095
94.88054,94.70934218880952,-0.17119781119048127
75.10203,77.03440631499993,1.932376314999928
82.55612,84.31355471960315,1.7574347196031397
95.19291,95.22121806957675,0.02830806957675236
95.49856,95.52534450538363,0.026784505383631085
94.43351,94.51961726316134,0.08610726316133821
92.35907,91.5955068286905,-0.7635631713094995
94.95597,94.23004920583337,-0.7259207941666261
95.53338,95.46041950109789,-0.07296049890210554
90.86403,90.89195001539686,0.027920015396858844
96.44665,96.32185285985445,-0.12479714014556009
96.20472,96.23701044988093,0.032290449880932215
88.12423,87.87955108352577,-0.24467891647422846
94.03649,94.04636694456345,0.009876944563444567
89.74337,89.69955095920639,-0.043819040793607655
87.51807,88.73944794613756,1.2213779461375651
95.97287,95.86923815797624,-0.10363184202375919
94.87897,94.72285458897184,-0.15611541102815352
94.97855,94.97279518910177,-0.005754810898224605
95.37472,95.35316533650793,-0.02155466349206847
93.62073,94.06233515235087,0.44160515235087416
96.29401,96.28745816886249,-0.006551831137514341
92.98733,93.08363884996025,0.09630884996025202
93.56402,93.64667486706342,0.08265486706342529
96.26482,96.31701944936505,0.05219944936504817
95.19377,95.16417378783076,-0.029596212169238356
83.38617,83.61763023325392,0.2314602332539124
86.7239,86.62806907416663,-0.0958309258333685
93.82963,94.14571970837306,0.31608970837307027
96.57635,96.29939826038357,-0.27695173961643604
95.2805,95.64792868915345,0.3674286891534422
95.40275,95.34004363476194,-0.06270636523805706
94.23365,94.55491544826714,0.3212654482671411
91.22001,91.05754255845237,-0.16246744154763348
66.23664,65.03323625129028,-1.203403748709718
94.89114,94.8442592392857,-0.04688076071428782
89.40051,90.10113648702382,0.7006264870238255
21.98206,17.42180231199736,-4.56025768800264
92.69992,92.61033958754203,-0.08958041245797688
94.59933,94.87079059916674,0.27146059916674403
95.755,95.91248547368448,0.1574854736844884
92.20111,91.4326167803175,-0.7684932196824974
95.46619,95.3944474794047,-0.07174252059529351
95.25397,95.48111656376983,0.22714656376983555
95.18273,95.2858637434656,0.10313374346559101
95.96533,95.78445994486778,-0.18087005513221754
94.37362,94.21882987653437,-0.1547901234656308
95.04566,95.04851367271156,0.002853672711566446
94.10123,93.09949998051593,-1.0017300194840715
95.26705,95.20464722263227,-0.062402777367722706
86.49406,84.93974898371681,-1.5543110162831937
95.01809,95.00195337980159,-0.016136620198409446
96.05836,96.02537431873009,-0.03298568126990631
93.61277,93.78345137112431,0.17068137112431714
85.71363,87.66953554408735,1.9559055440873578
93.91087,92.23952255294977,-1.6713474470502376
94.76672,94.43390457701061,-0.33281542298939826
95.1464,95.12590060724864,-0.020499392751361256
93.52959,93.44103588968245,-0.08855411031754556
95.73458,95.83893199919302,0.10435199919302818
94.45905,94.52690807761903,0.06785807761902163
94.941,95.3768948819445,0.4358948819444919
93.21722,93.61764786953464,0.4004278695346386
90.20252,89.30457611850531,-0.8979438814946974
90.68304,90.41836273972224,-0.2646772602777645
96.4991,96.45123704142976,-0.04786295857023504
96.29541,96.09572888797625,-0.19968111202375383
18.22066,14.990848250198411,-3.2298117498015877
87.44718,87.32896224686866,-0.11821775313134708
43.39075,36.61603834849204,-6.774711651507957
95.4874,95.45150209833332,-0.03589790166667228
83.80419,85.21953506653445,1.4153450665344423
49.45987,62.084360843663056,12.624490843663054
94.22037,94.2751867525793,0.05481675257929908
94.26003,94.43303455379625,0.1730045537962468
93.74503,93.94215766310856,0.1971276631085601
92.89389,92.46803155309514,-0.4258584469048543
95.00013,94.97977744518519,-0.020352554814806467
96.47604,96.47618493407413,0.00014493407412885517
94.21247,93.46054755277778,-0.7519224472222135
85.25018,89.4064179713889,4.156237971388904
95.08159,95.10547467841273,0.023884678412727567
90.47054,89.59232382535713,-0.8782161746428727
17.46505,17.04376789567461,-0.4212821043253925
95.44689,95.23577375099214,-0.21111624900785841
21.04928,21.9210207264947,0.8717407264946999
91.79936,91.92792470115074,0.1285647011507507
94.67396,94.8255288620239,0.1515688620239075
93.26223,92.70737874353183,-0.5548512564681687
93.95723,93.95124663591267,-0.005983364087327914
91.13915,92.34764457079366,1.2084945707936612
94.21074,93.89066373222222,-0.32007626777777887
88.71431,89.1068268506132,0.3925168506132053
94.8308,94.88215811966933,0.051358119669330904
94.25447,94.24350368048935,-0.01096631951064353
94.69029,94.25624767996034,-0.4340423200396657
53.97329,57.24544326242064,3.2721532624206446
94.79144,94.81388686694436,0.02244686694436382
94.45014,94.34501074969573,-0.10512925030427311
95.14666,95.1647851207937,0.018125120793698102
94.73349,94.62490633300261,-0.10858366699739008
95.3917,95.37124110908734,-0.020458890912664174
95.62206,95.65316137365322,0.031101373653214637
95.27992,95.26379881466931,-0.016121185330689514
96.43218,96.39738679226184,-0.034793207738161414
94.57924,94.61939300435183,0.04015300435183633
94.70092,94.61692943238093,-0.0839905676190682
93.94771,93.90283305920634,-0.04487694079365667
87.50164,86.48424537206357,-1.0173946279364259
94.5095,94.56836913000005,0.058869130000047676
94.6198,94.6545143625132,0.03471436251319915
94.88586,94.77356337508296,-0.11229662491703607
83.00292,86.94745554183866,3.944535541838661
86.70119,86.30904115426173,-0.39214884573826225
95.78297,95.80154658773807,0.018576587738067474
92.13826,91.6298923521296,-0.5083676478704007
37.9603,54.53505817468135,16.574758174681357
92.74804,93.02219012599207,0.27415012599206534
93.79079,93.83538220091259,0.04459220091258942
95.35661,95.56343876050266,0.20682876050265975
95.74105,95.78302791011909,0.041977910119086914
92.86494,93.17656151047618,0.31162151047617215
93.78037,94.05049382757934,0.27012382757934006
16.92339,16.930686315317462,0.007296315317461222
79.16796,78.93277087376994,-0.23518912623005406
88.31755,86.91566602613753,-1.4018839738624678
93.91035,93.45201820543649,-0.4583317945635059
93.73583,93.82130954884927,0.08547954884926412
94.023,93.2300667529401,-0.7929332470598922
95.69692,95.68268567505291,-0.014234324947096866
90.93256,88.33017004650785,-2.6023899534921497
88.33642,87.77969304916306,-0.5567269508369463
93.94933,93.60315522547016,-0.34617477452984247
94.76939,94.71418172144182,-0.05520827855818311
96.27725,96.20144523608461,-0.07580476391538582
95.35455,95.34398120477515,-0.010568795224855876
96.22002,96.13016039743388,-0.08985960256612202
96.75038,96.66332777837313,-0.08705222162687676
59.20512,57.771908133979196,-1.4332118660208053
84.98465,86.50538014480159,1.5207301448015897
96.5439,96.49460035809527,-0.04929964190472447
93.3809,93.39164904003967,0.010749040039669921
93.84391,93.30559182367723,-0.5383181763227611
92.80163,92.50609385962969,-0.2955361403703165
21.05447,21.54609857976191,0.49162857976191177
95.77003,95.82696982715612,0.05693982715611412
59.38781,69.50020772089485,10.112397720894847
95.94161,96.02201669417394,0.08040669417394497
94.85791,94.82675470914025,-0.031155290859757656
95.97153,95.92981352068786,-0.04171647931214295
95.02636,95.07639097441799,0.05003097441799298
89.0549,88.98983839652117,-0.06506160347883849
94.76365,94.66919253230162,-0.09445746769837626
76.51829,78.26172629420633,1.743436294206333
94.49953,94.50172770876983,0.002197708769841711
95.63404,95.46085653541013,-0.17318346458986866
88.91061,88.01879540152122,-0.8918145984787884
88.50213,87.02052818285715,-1.4816018171428453
94.82153,94.64822067949738,-0.17330932050261083
21.03278,22.538518282275145,1.5057382822751464
94.78502,94.9510674950889,0.16604749508890393
94.50866,94.58075677961646,0.07209677961645866
83.05026,85.97295132379628,2.922691323796286
93.61727,93.71553951480159,0.09826951480158641
26.28538,27.65432316886845,1.3689431688684515
27.11133,23.720771334297925,-3.3905586657020734
93.72722,91.33852985119077,-2.388690148809232
90.41746,90.73092480379626,0.31346480379625064
96.67847,96.62484936423283,-0.05362063576717446
94.09032,94.13775146769838,0.04743146769837381
27.72416,31.08604315214286,3.361883152142859
89.82838,89.89515697923274,0.06677697923274195
94.57087,94.40733209239421,-0.1635379076057859
88.68173,87.25184373342584,-1.429886266574158
95.4576,95.45442804111114,-0.003171958888856352
88.37233,88.46415356428567,0.09182356428566152
88.53942,87.73499965011908,-0.8044203498809281
94.76866,94.77258998019843,0.003929980198435601
93.19447,94.0135096364551,0.819039636455102
95.81516,95.65713676054641,-0.1580232394535983
96.62053,96.57307896128306,-0.04745103871694312
93.8427,93.95190804751329,0.10920804751329172
93.08462,93.12240369174614,0.03778369174614227
79.00793,76.22811181091276,-2.779818189087237
96.17522,96.13977384428576,-0.035446155714240035
96.68656,96.6913426675793,0.004782667579306121
95.75707,95.62457891242067,-0.13249108757932504
87.56978,89.63009151694439,2.0603115169443953
95.33841,95.3388994624207,0.00048946242070258
94.98615,94.99484752281745,0.008697522817456615
94.90295,95.00921316021889,0.10626316021888726
96.44909,96.3121003259524,-0.136989674047598
94.63769,94.71685817325394,0.0791681732539331
13.30424,15.016969346441792,1.712729346441792
95.65167,95.79311824865086,0.14144824865086036
25.92576,27.96217524608465,2.036415246084651
88.10723,87.89883927482803,-0.20839072517196655
93.03556,93.04601240797614,0.010452407976131894
93.72869,93.86716383988094,0.13847383988094464
86.22735,84.96099094718252,-1.266359052817478
94.6307,94.65843717404756,0.02773717404755871
86.91424,89.97792033535715,3.063680335357148
95.05137,95.01120915318788,-0.04016084681212817
21.06202,21.4774098892857,0.41538988928569864
94.87571,94.55876812392849,-0.31694187607151036
95.53106,95.48095398263214,-0.05010601736785247
93.20151,93.33507290400796,0.13356290400795956
52.7446,53.243095079166636,0.4984950791666378
16.71054,16.75565930056878,0.04511930056877844
93.1082,93.10214744246034,-0.006052557539661052
95.24358,95.16923252455979,-0.07434747544020581
95.12422,95.01635444322757,-0.10786555677242404
91.23995,91.72749533800261,0.4875453380026187
76.15078,76.13206912714284,-0.01871087285715589
94.60983,94.68859445294969,0.07876445294968448
95.42397,95.21272588001328,-0.21124411998671633
93.70163,93.71775431206348,0.016124312063482193
95.75231,95.7110720760847,-0.0412379239152898
92.20624,92.09624065986773,-0.10999934013226209
94.511,94.3925705515801,-0.11842944841988867
96.69859,96.47360591531748,-0.22498408468251796
16.71226,16.831274402169296,0.11901440216929515
95.30352,95.21655966221853,-0.08696033778147694
95.43364,95.40428122583333,-0.02935877416666699
90.09457,90.63501954043653,0.5404495404365264
92.74523,92.35773385097885,-0.38749614902116036
90.56739,85.39725978579368,-5.170130214206324
95.51644,95.51576548981481,-0.0006745101851919344
94.82962,94.81356538281749,-0.016054617182518882
90.65587,84.52361577296294,-6.132254227037052
87.32046,87.47612425262632,0.15566425262632322
92.74665,92.52619129277788,-0.22045870722212157
94.58127,94.44965653357147,-0.1316134664285329
89.80095,88.7222538010714,-1.078696198928597
52.52233,56.79354285618809,4.271212856188093
95.93907,95.87854776682536,-0.06052223317463756
91.60236,90.55839815222213,-1.0439618477778794
90.37085,84.7332398640873,-5.637610135912709
53.76792,52.78825198669313,-0.9796680133068634
94.87292,94.89356311628667,0.02064311628667781
95.02024,95.12899174636244,0.10875174636244367
86.4999,87.27803387003966,0.7781338700396674
91.07479,90.23635102813492,-0.8384389718650738
95.12205,95.07733846678576,-0.04471153321424026
53.93989,53.90018722329605,-0.03970277670394751
88.45736,89.53178849697085,1.074428496970853
92.09993,92.7415105125,0.6415805124999991
77.90611,79.32096649383588,1.4148564938358845
95.98562,95.9153617000793,-0.07025829992069532
94.9373,94.91104662575397,-0.02625337424602492
45.1633,50.937245317910026,5.773945317910027
94.52226,94.4379757904894,-0.08428420951059934
89.24008,91.200051722328,1.9599717223279924
92.21128,91.37008695785707,-0.8411930421429332
92.36567,92.51330310214286,0.14763310214286207
94.45011,94.41626568394179,-0.03384431605820737
91.61088,91.92738321034386,0.31650321034386764
95.96972,95.85273231861835,-0.11698768138164439
48.58652,54.73535451182536,6.148834511825363
94.43076,92.05327498202378,-2.377485017976227
92.96248,93.35871240873013,0.3962324087301283
95.65824,95.66787411515874,0.00963411515873247
95.72292,95.73221622141524,0.00929622141524078
33.81651,30.919523183412693,-2.896986816587308
89.59525,87.71623058466929,-1.8790194153307027
94.28083,93.65740447214283,-0.6234255278571652
94.96077,94.9738962023413,0.013126202341297244
22.07999,17.345884873581056,-4.734105126418942
16.48136,16.816047749159456,0.33468774915945687
13.69315,13.783424755414869,0.09027475541486929
79.97883,80.49346331685187,0.5146333168518709
96.69118,96.6655969937963,-0.025583006203703462
95.22756,95.1555113217858,-0.0720486782142018
93.92073,93.53059813207656,-0.39013186792344356
96.65646,96.51733807808196,-0.13912192191803285
92.76282,91.81352719369049,-0.949292806309515
95.44698,95.56124871613747,0.1142687161374738
96.22295,96.20841734410055,-0.01453265589944408
56.12785,57.96244797315531,1.8345979731553044
82.54715,83.86723133034396,1.3200813303439531
96.74574,96.7419926142989,-0.003747385701103667
95.73547,95.72219487820104,-0.01327512179896928
92.08842,93.0092497844181,0.9208297844181033
90.16686,90.87257104801577,0.7057110480157718
94.90148,94.89380421547624,-0.00767578452376938
86.54885,86.64344615436507,0.09459615436506397
94.95198,94.6400479930952,-0.3119320069048115
27.47762,27.273669490502648,-0.2039505094973535
95.54671,95.4531537173678,-0.09355628263220694
96.71712,96.57999344761915,-0.13712655238084892
91.80074,90.61558532860508,-1.1851546713949261
93.03463,92.72374349047621,-0.31088650952379737
94.36651,94.50991480093919,0.14340480093918018
91.26871,90.85797563427246,-0.4107343657275351
27.48478,27.754448409147425,0.2696684091474246
83.39691,85.7102267308465,2.313316730846495
43.65467,39.552544343293654,-4.102125656706349
93.80109,94.01278626980155,0.21169626980154987
86.66891,88.67971187547619,2.01080187547619
21.13826,21.854352209682553,0.7160922096825537
93.75192,93.86050555813493,0.10858555813493354
92.75672,93.15331636171715,0.39659636171714396
94.90849,94.8795583677778,-0.028931632222196413
13.25465,14.001085177513232,0.7464351775132325
74.59194,75.94277610136243,1.3508361013624324
94.90683,94.90141280009256,-0.0054171999074412724
91.02901,90.12148966861113,-0.9075203313888665
94.95014,95.27254207273809,0.3224020727380861
94.59524,94.57202569374331,-0.02321430625669052
93.65993,93.92627569320099,0.26634569320098933
94.95751,94.90490572498675,-0.05260427501325182
94.17987,94.20251486876988,0.022644868769887694
86.99987,88.70737362428572,1.707503624285721
94.66503,94.5964076467857,-0.06862235321429466
94.8187,94.80738609000007,-0.01131390999994153
53.71367,55.815009393756625,2.101339393756625
95.80554,95.77363844547871,-0.031901554521283515
84.62007,86.3967147878716,1.7766447878716036
93.32626,93.06195702113756,-0.264302978862446
94.38199,94.50491993834649,0.12292993834648769
96.18885,96.27027400286435,0.08142400286435247
16.92645,16.93249971055556,0.006049710555561916
94.8717,94.86031981642857,-0.011380183571432667
94.41703,94.51709663404769,0.10006663404769256
94.68298,94.39508910428566,-0.2878908957143409
94.85324,94.81713722628312,-0.03610277371687687
84.85267,85.41449981220893,0.5618298122089271
93.084,92.2357191258994,-0.8482808741006096
95.23103,95.2767992614682,0.0457692614681946
95.73403,95.74797048189158,0.013940481891580703
16.76162,17.288771772165703,0.527151772165702
95.92064,95.87953042865068,-0.041109571349323915
85.63707,85.07922379980155,-0.5578462001984406
94.27193,94.26544888126983,-0.006481118730164326
81.48202,83.99857355168001,2.516553551680005
87.09561,87.97428981137561,0.8786798113756191
95.45415,95.47349647917989,0.01934647917988741
95.49164,95.44596016875661,-0.04567983124339037
89.89934,90.5801814871032,0.6808414871032085
95.05917,95.21007992212967,0.1509099221296708
95.13909,95.0894045837831,-0.04968541621690292
93.91422,93.67301814650789,-0.24120185349211454
78.7047,78.40301886112432,-0.30168113887567927
95.50602,95.70881725175927,0.20279725175926444
84.0825,83.28994426194443,-0.7925557380555688
94.87958,94.86084125230155,-0.018738747698449743
93.85422,88.63082991595236,-5.223390084047637
89.94634,91.14890776829374,1.2025677682937328
95.45112,95.35980503488089,-0.09131496511911052
95.29716,95.47148201834054,0.17432201834053274
94.86312,94.84049470448409,-0.022625295515908306
80.31578,82.7166957322355,2.4009157322354895
95.48784,95.42290663209,-0.06493336791000104
84.77307,84.64348438037032,-0.12958561962967963
95.15316,95.10786055731485,-0.04529944268514896
94.25306,94.25186187740742,-0.0011981225925836725
96.22467,96.21129230727509,-0.013377692724915846
93.02628,93.07639747499992,0.05011747499992225
90.89642,90.24146678587296,-0.6549532141270475
82.14343,83.69336145884924,1.5499314588492439
96.54244,96.43345405232792,-0.1089859476720818
95.81092,95.7210467316137,-0.08987326838629883
14.43366,16.840331050568786,2.406671050568786
91.526,91.56703488396818,0.041034883968180225
96.65923,96.65855963474868,-0.0006703652513095903
93.61445,93.6590176916931,0.04456769169308927
95.94117,95.84420747912706,-0.09696252087293544
94.8763,94.80909168066148,-0.06720831933851912
94.0709,94.42349293638885,0.35259293638885936
95.37233,95.4077409495371,0.03541094953709489
93.51995,93.51851369500001,-0.0014363049999843724
33.82756,32.48944544846561,-1.3381145515343889
77.1109,76.98763657902114,-0.12326342097885856
95.13996,95.17304293782365,0.03308293782365013
94.37943,94.3413018203439,-0.03812817965609838
94.4471,94.36171081267192,-0.08538918732809009
94.44332,94.47966995858458,0.03634995858458012
54.07111,56.654608247618995,2.583498247618998
95.94122,95.84689912100524,-0.09432087899476471
93.09693,92.39191225801585,-0.7050177419841503
94.83467,94.90728975812172,0.07261975812171784
94.50684,94.94122213071431,0.43438213071431164
94.29709,92.39238409739414,-1.9047059026058548
95.78257,95.73685974654758,-0.04571025345242674
95.24733,95.21865123978836,-0.028678760211647614
93.53319,93.78992950529106,0.2567395052910513
95.39653,95.49852627054233,0.10199627054232963
94.67108,94.62744911150794,-0.04363088849206065
95.13776,95.2187900321826,0.0810300321825963
35.15747,35.46564596781747,0.30817596781746914
52.47976,53.15188008144177,0.6721200814417685
82.89179,84.61410285667982,1.722312856679821
91.32439,91.0393980556481,-0.2849919443518871
20.92962,21.114801813320113,0.18518181332011352
96.44535,96.34369279034392,-0.10165720965608216
96.26031,96.15617963550261,-0.10413036449739366
95.6722,95.65579672941799,-0.016403270582017626
91.42567,90.67041871542332,-0.7552512845766728
95.79805,95.79754414130953,-0.0005058586904738149
54.13471,60.00698125053631,5.872271250536315
87.34795,86.60103779178564,-0.7469122082143542
93.2136,93.19146048198411,-0.022139518015890758
93.94931,94.27674698634922,0.3274369863492268
92.72795,92.96679565198413,0.23884565198412133
93.8321,93.88618370556634,0.05408370556634168
89.19642,90.20315465103172,1.0067346510317208
94.80052,94.59649231112435,-0.20402768887565514
95.17261,95.11323480325402,-0.059375196745989456
94.11786,94.13390181989412,0.01604181989412723
77.29782,77.65952096706343,0.36170096706342747
94.5904,94.54225604642862,-0.048143953571383236
94.87996,94.79199342853168,-0.08796657146831421
90.95024,90.48453976527784,-0.4657002347221493
94.98097,95.088503399881,0.10753339988100663
95.32053,95.29183674003966,-0.028693259960348882
94.16529,94.23962642896824,0.07433642896823756
94.21056,94.2753954606746,0.06483546067460111
93.96426,94.05273901091276,0.08847901091276356
85.60354,87.10383609547615,1.500296095476159
94.36027,94.33400232658721,-0.02626767341278935
90.2578,91.88575283011903,1.6279528301190282
95.08076,95.05147057475838,-0.02928942524161471
94.9774,95.28823075813486,0.3108307581348555
95.43022,95.60037342265873,0.17015342265872846
84.91038,84.98888402182546,0.07850402182545224
95.6446,95.67513980989419,0.03053980989419358
94.90758,94.8038092874338,-0.1037707125662024
94.38372,94.3981858508598,0.014465850859807006
93.89484,93.91045032042327,0.015610320423263602
83.98551,84.86656512031745,0.8810551203174413
26.65368,29.108453324259262,2.4547733242592606
